step_time,total_stopped,total_wait_time
5.0,0,0.0
10.0,0,0.0
15.0,0,0.0
20.0,3,1.5
25.0,8,4.0
30.0,13,6.5
35.0,16,8.0
40.0,17,8.5
45.0,19,9.5
50.0,21,10.5
55.0,25,12.5
60.0,23,11.5
65.0,19,9.5
70.0,14,7.0
75.0,11,5.5
80.0,14,7.0
85.0,21,10.5
90.0,27,13.5
95.0,33,16.5
100.0,37,18.5
105.0,38,19.0
110.0,38,19.0
115.0,32,16.0
120.0,22,11.0
125.0,17,8.5
130.0,14,7.0
135.0,15,7.5
140.0,23,11.5
145.0,28,14.0
150.0,33,16.5
155.0,35,17.5
160.0,38,19.0
165.0,38,19.0
170.0,32,16.0
175.0,23,11.5
180.0,17,8.5
185.0,14,7.0
190.0,16,8.0
195.0,22,11.0
200.0,30,15.0
205.0,36,18.0
210.0,38,19.0
215.0,32,16.0
220.0,22,11.0
225.0,16,8.0
230.0,12,6.0
235.0,14,7.0
240.0,21,10.5
245.0,28,14.0
250.0,34,17.0
255.0,38,19.0
260.0,32,16.0
265.0,23,11.5
270.0,16,8.0
275.0,12,6.0
280.0,14,7.0
285.0,14,7.0
290.0,11,5.5
295.0,11,5.5
300.0,14,7.0
305.0,15,7.5
310.0,21,10.5
315.0,27,13.5
320.0,33,16.5
325.0,31,15.5
330.0,24,12.0
335.0,17,8.5
340.0,14,7.0
345.0,17,8.5
350.0,23,11.5
355.0,29,14.5
360.0,29,14.5
365.0,23,11.5
370.0,14,7.0
375.0,12,6.0
380.0,14,7.0
385.0,21,10.5
390.0,28,14.0
395.0,36,18.0
400.0,38,19.0
405.0,33,16.5
410.0,23,11.5
415.0,18,9.0
420.0,12,6.0
425.0,6,3.0
430.0,3,1.5
435.0,4,2.0
440.0,10,5.0
445.0,14,7.0
450.0,21,10.5
455.0,28,14.0
460.0,29,14.5
465.0,23,11.5
470.0,15,7.5
475.0,12,6.0
480.0,13,6.5
485.0,13,6.5
490.0,12,6.0
495.0,12,6.0
500.0,11,5.5
505.0,13,6.5
510.0,20,10.0
515.0,19,9.5
520.0,18,9.0
525.0,14,7.0
530.0,11,5.5
535.0,14,7.0
540.0,21,10.5
545.0,20,10.0
550.0,18,9.0
555.0,14,7.0
560.0,13,6.5
565.0,12,6.0
570.0,14,7.0
575.0,9,4.5
580.0,14,7.0
585.0,16,8.0
590.0,17,8.5
595.0,23,11.5
600.0,29,14.5
605.0,36,18.0
610.0,30,15.0
615.0,23,11.5
620.0,16,8.0
625.0,12,6.0
630.0,9,4.5
635.0,7,3.5
640.0,5,2.5
645.0,10,5.0
650.0,14,7.0
655.0,21,10.5
660.0,28,14.0
665.0,33,16.5
670.0,37,18.5
675.0,38,19.0
680.0,38,19.0
685.0,32,16.0
690.0,22,11.0
695.0,14,7.0
700.0,12,6.0
705.0,8,4.0
710.0,6,3.0
715.0,4,2.0
720.0,6,3.0
725.0,12,6.0
730.0,13,6.5
735.0,11,5.5
740.0,10,5.0
745.0,8,4.0
750.0,14,7.0
755.0,20,10.0
760.0,28,14.0
765.0,32,16.0
770.0,31,15.5
775.0,22,11.0
780.0,18,9.0
785.0,15,7.5
790.0,16,8.0
795.0,17,8.5
800.0,15,7.5
805.0,13,6.5
810.0,14,7.0
815.0,15,7.5
820.0,23,11.5
825.0,22,11.0
830.0,20,10.0
835.0,16,8.0
840.0,14,7.0
845.0,14,7.0
850.0,21,10.5
855.0,27,13.5
860.0,35,17.5
865.0,38,19.0
870.0,38,19.0
875.0,38,19.0
880.0,32,16.0
885.0,24,12.0
890.0,15,7.5
895.0,14,7.0
900.0,8,4.0
905.0,5,2.5
910.0,5,2.5
915.0,9,4.5
920.0,13,6.5
925.0,20,10.0
930.0,27,13.5
935.0,26,13.0
940.0,22,11.0
945.0,15,7.5
950.0,10,5.0
955.0,8,4.0
960.0,4,2.0
965.0,4,2.0
970.0,9,4.5
975.0,7,3.5
980.0,6,3.0
985.0,4,2.0
990.0,9,4.5
995.0,8,4.0
1000.0,4,2.0
1005.0,3,1.5
1010.0,7,3.5
1015.0,14,7.0
1020.0,16,8.0
1025.0,15,7.5
1030.0,11,5.5
1035.0,13,6.5
1040.0,14,7.0
1045.0,17,8.5
1050.0,11,5.5
1055.0,10,5.0
1060.0,8,4.0
1065.0,7,3.5
1070.0,13,6.5
1075.0,20,10.0
1080.0,26,13.0
1085.0,32,16.0
1090.0,34,17.0
1095.0,38,19.0
1100.0,38,19.0
1105.0,38,19.0
1110.0,38,19.0
1115.0,38,19.0
1120.0,38,19.0
1125.0,38,19.0
1130.0,38,19.0
1135.0,38,19.0
1140.0,38,19.0
1145.0,38,19.0
1150.0,38,19.0
1155.0,38,19.0
1160.0,38,19.0
1165.0,38,19.0
1170.0,38,19.0
1175.0,38,19.0
1180.0,38,19.0
1185.0,38,19.0
1190.0,38,19.0
1195.0,38,19.0
1200.0,38,19.0
1205.0,38,19.0
1210.0,38,19.0
1215.0,38,19.0
1220.0,38,19.0
1225.0,38,19.0
1230.0,38,19.0
1235.0,38,19.0
1240.0,38,19.0
1245.0,38,19.0
1250.0,38,19.0
1255.0,38,19.0
1260.0,38,19.0
1265.0,32,16.0
1270.0,22,11.0
1275.0,17,8.5
1280.0,14,7.0
1285.0,9,4.5
1290.0,8,4.0
1295.0,3,1.5
1300.0,8,4.0
1305.0,8,4.0
1310.0,3,1.5
1315.0,0,0.0
1320.0,6,3.0
1325.0,12,6.0
1330.0,18,9.0
1335.0,25,12.5
1340.0,32,16.0
1345.0,37,18.5
1350.0,38,19.0
1355.0,38,19.0
1360.0,38,19.0
1365.0,38,19.0
1370.0,38,19.0
1375.0,32,16.0
1380.0,22,11.0
1385.0,16,8.0
1390.0,13,6.5
1395.0,14,7.0
1400.0,22,11.0
1405.0,22,11.0
1410.0,18,9.0
1415.0,15,7.5
1420.0,11,5.5
1425.0,8,4.0
1430.0,8,4.0
1435.0,4,2.0
1440.0,8,4.0
1445.0,13,6.5
1450.0,21,10.5
1455.0,21,10.5
1460.0,17,8.5
1465.0,16,8.0
1470.0,13,6.5
1475.0,14,7.0
1480.0,14,7.0
1485.0,14,7.0
1490.0,14,7.0
1495.0,13,6.5
1500.0,15,7.5
1505.0,21,10.5
1510.0,23,11.5
1515.0,21,10.5
1520.0,15,7.5
1525.0,12,6.0
1530.0,14,7.0
1535.0,20,10.0
1540.0,26,13.0
1545.0,32,16.0
1550.0,34,17.0
1555.0,38,19.0
1560.0,38,19.0
1565.0,38,19.0
1570.0,38,19.0
1575.0,32,16.0
1580.0,23,11.5
1585.0,16,8.0
1590.0,13,6.5
1595.0,14,7.0
1600.0,15,7.5
1605.0,13,6.5
1610.0,14,7.0
1615.0,13,6.5
1620.0,15,7.5
1625.0,15,7.5
1630.0,13,6.5
1635.0,13,6.5
1640.0,12,6.0
1645.0,8,4.0
1650.0,8,4.0
1655.0,6,3.0
1660.0,7,3.5
1665.0,13,6.5
1670.0,14,7.0
1675.0,11,5.5
1680.0,12,6.0
1685.0,7,3.5
1690.0,9,4.5
1695.0,13,6.5
1700.0,21,10.5
1705.0,27,13.5
1710.0,31,15.5
1715.0,34,17.0
1720.0,31,15.5
1725.0,23,11.5
1730.0,15,7.5
1735.0,14,7.0
1740.0,14,7.0
1745.0,21,10.5
1750.0,28,14.0
1755.0,27,13.5
1760.0,20,10.0
1765.0,15,7.5
1770.0,12,6.0
1775.0,13,6.5
1780.0,13,6.5
1785.0,9,4.5
1790.0,10,5.0
1795.0,5,2.5
1800.0,9,4.5
1805.0,9,4.5
1810.0,10,5.0
1815.0,8,4.0
1820.0,9,4.5
1825.0,14,7.0
1830.0,21,10.5
1835.0,21,10.5
1840.0,23,11.5
1845.0,16,8.0
1850.0,13,6.5
1855.0,9,4.5
1860.0,9,4.5
1865.0,6,3.0
1870.0,9,4.5
1875.0,14,7.0
1880.0,15,7.5
1885.0,14,7.0
1890.0,13,6.5
1895.0,15,7.5
1900.0,9,4.5
1905.0,7,3.5
1910.0,7,3.5
1915.0,9,4.5
1920.0,14,7.0
1925.0,16,8.0
1930.0,14,7.0
1935.0,13,6.5
1940.0,14,7.0
1945.0,15,7.5
1950.0,23,11.5
1955.0,28,14.0
1960.0,34,17.0
1965.0,38,19.0
1970.0,32,16.0
1975.0,24,12.0
1980.0,16,8.0
1985.0,14,7.0
1990.0,8,4.0
1995.0,5,2.5
2000.0,6,3.0
2005.0,9,4.5
2010.0,9,4.5
2015.0,6,3.0
2020.0,6,3.0
2025.0,3,1.5
2030.0,6,3.0
2035.0,13,6.5
2040.0,15,7.5
2045.0,10,5.0
2050.0,12,6.0
2055.0,14,7.0
2060.0,11,5.5
2065.0,8,4.0
2070.0,4,2.0
2075.0,9,4.5
2080.0,14,7.0
2085.0,15,7.5
2090.0,13,6.5
2095.0,13,6.5
2100.0,14,7.0
2105.0,10,5.0
2110.0,7,3.5
2115.0,4,2.0
2120.0,6,3.0
2125.0,12,6.0
2130.0,14,7.0
2135.0,13,6.5
2140.0,13,6.5
2145.0,13,6.5
2150.0,17,8.5
2155.0,24,12.0
2160.0,30,15.0
2165.0,37,18.5
2170.0,32,16.0
2175.0,23,11.5
2180.0,16,8.0
2185.0,13,6.5
2190.0,14,7.0
2195.0,19,9.5
2200.0,27,13.5
2205.0,33,16.5
2210.0,38,19.0
2215.0,33,16.5
2220.0,24,12.0
2225.0,18,9.0
2230.0,15,7.5
2235.0,9,4.5
2240.0,7,3.5
2245.0,4,2.0
2250.0,8,4.0
2255.0,8,4.0
2260.0,4,2.0
2265.0,4,2.0
2270.0,8,4.0
2275.0,14,7.0
2280.0,21,10.5
2285.0,23,11.5
2290.0,22,11.0
2295.0,17,8.5
2300.0,14,7.0
2305.0,15,7.5
2310.0,21,10.5
2315.0,23,11.5
2320.0,21,10.5
2325.0,16,8.0
2330.0,12,6.0
2335.0,14,7.0
2340.0,17,8.5
2345.0,16,8.0
2350.0,12,6.0
2355.0,11,5.5
2360.0,9,4.5
2365.0,6,3.0
2370.0,4,2.0
2375.0,8,4.0
2380.0,12,6.0
2385.0,13,6.5
2390.0,9,4.5
2395.0,9,4.5
2400.0,12,6.0
2405.0,7,3.5
2410.0,6,3.0
2415.0,4,2.0
2420.0,9,4.5
2425.0,10,5.0
2430.0,7,3.5
2435.0,5,2.5
2440.0,10,5.0
2445.0,9,4.5
2450.0,9,4.5
2455.0,5,2.5
2460.0,8,4.0
2465.0,8,4.0
2470.0,6,3.0
2475.0,3,1.5
2480.0,6,3.0
2485.0,8,4.0
2490.0,5,2.5
2495.0,3,1.5
2500.0,6,3.0
2505.0,12,6.0
2510.0,13,6.5
2515.0,9,4.5
2520.0,8,4.0
2525.0,6,3.0
2530.0,8,4.0
2535.0,8,4.0
2540.0,8,4.0
2545.0,4,2.0
2550.0,9,4.5
2555.0,9,4.5
2560.0,9,4.5
2565.0,6,3.0
2570.0,9,4.5
2575.0,9,4.5
2580.0,9,4.5
2585.0,5,2.5
2590.0,9,4.5
2595.0,7,3.5
2600.0,6,3.0
2605.0,3,1.5
2610.0,10,5.0
2615.0,8,4.0
2620.0,8,4.0
2625.0,5,2.5
2630.0,9,4.5
2635.0,9,4.5
2640.0,7,3.5
2645.0,8,4.0
2650.0,11,5.5
2655.0,15,7.5
2660.0,15,7.5
2665.0,13,6.5
2670.0,14,7.0
2675.0,14,7.0
2680.0,9,4.5
2685.0,7,3.5
2690.0,6,3.0
2695.0,11,5.5
2700.0,7,3.5
2705.0,6,3.0
2710.0,6,3.0
2715.0,8,4.0
2720.0,14,7.0
2725.0,21,10.5
2730.0,23,11.5
2735.0,21,10.5
2740.0,18,9.0
2745.0,14,7.0
2750.0,11,5.5
2755.0,5,2.5
2760.0,7,3.5
2765.0,9,4.5
2770.0,9,4.5
2775.0,5,2.5
2780.0,7,3.5
2785.0,10,5.0
2790.0,8,4.0
2795.0,7,3.5
2800.0,6,3.0
2805.0,10,5.0
2810.0,8,4.0
2815.0,4,2.0
2820.0,4,2.0
2825.0,10,5.0
2830.0,7,3.5
2835.0,5,2.5
2840.0,3,1.5
2845.0,8,4.0
2850.0,9,4.5
2855.0,6,3.0
2860.0,5,2.5
2865.0,2,1.0
2870.0,7,3.5
2875.0,7,3.5
2880.0,5,2.5
2885.0,2,1.0
2890.0,0,0.0
2895.0,7,3.5
2900.0,12,6.0
2905.0,19,9.5
2910.0,24,12.0
2915.0,19,9.5
2920.0,14,7.0
2925.0,11,5.5
2930.0,10,5.0
2935.0,14,7.0
2940.0,15,7.5
2945.0,14,7.0
2950.0,12,6.0
2955.0,10,5.0
2960.0,10,5.0
2965.0,8,4.0
2970.0,4,2.0
2975.0,9,4.5
2980.0,8,4.0
2985.0,3,1.5
2990.0,4,2.0
2995.0,9,4.5
3000.0,14,7.0
3005.0,15,7.5
3010.0,14,7.0
3015.0,11,5.5
3020.0,13,6.5
3025.0,15,7.5
3030.0,15,7.5
3035.0,14,7.0
3040.0,14,7.0
3045.0,14,7.0
3050.0,8,4.0
3055.0,7,3.5
3060.0,6,3.0
3065.0,11,5.5
3070.0,9,4.5
3075.0,6,3.0
3080.0,6,3.0
3085.0,2,1.0
3090.0,8,4.0
3095.0,15,7.5
3100.0,20,10.0
3105.0,29,14.5
3110.0,34,17.0
3115.0,31,15.5
3120.0,24,12.0
3125.0,15,7.5
3130.0,11,5.5
3135.0,7,3.5
3140.0,5,2.5
3145.0,2,1.0
3150.0,5,2.5
3155.0,12,6.0
3160.0,13,6.5
3165.0,11,5.5
3170.0,10,5.0
3175.0,7,3.5
3180.0,7,3.5
3185.0,14,7.0
3190.0,19,9.5
3195.0,26,13.0
3200.0,31,15.5
3205.0,33,16.5
3210.0,35,17.5
3215.0,38,19.0
3220.0,38,19.0
3225.0,38,19.0
3230.0,38,19.0
3235.0,38,19.0
3240.0,38,19.0
3245.0,38,19.0
3250.0,32,16.0
3255.0,22,11.0
3260.0,15,7.5
3265.0,10,5.0
3270.0,5,2.5
3275.0,6,3.0
3280.0,5,2.5
3285.0,10,5.0
3290.0,8,4.0
3295.0,9,4.5
3300.0,6,3.0
3305.0,10,5.0
3310.0,8,4.0
3315.0,7,3.5
3320.0,5,2.5
3325.0,8,4.0
3330.0,8,4.0
3335.0,5,2.5
3340.0,8,4.0
3345.0,11,5.5
3350.0,8,4.0
3355.0,5,2.5
3360.0,4,2.0
3365.0,9,4.5
3370.0,13,6.5
3375.0,20,10.0
3380.0,20,10.0
3385.0,19,9.5
3390.0,13,6.5
3395.0,11,5.5
3400.0,14,7.0
3405.0,19,9.5
3410.0,26,13.0
3415.0,29,14.5
3420.0,25,12.5
3425.0,13,6.5
3430.0,11,5.5
3435.0,14,7.0
3440.0,14,7.0
3445.0,11,5.5
3450.0,12,6.0
3455.0,12,6.0
3460.0,7,3.5
3465.0,5,2.5
3470.0,6,3.0
3475.0,2,1.0
3480.0,6,3.0
3485.0,14,7.0
3490.0,14,7.0
3495.0,11,5.5
3500.0,8,4.0
3505.0,8,4.0
3510.0,6,3.0
3515.0,5,2.5
3520.0,2,1.0
3525.0,6,3.0
3530.0,8,4.0
3535.0,6,3.0
3540.0,6,3.0
3545.0,9,4.5
3550.0,12,6.0
3555.0,8,4.0
3560.0,3,1.5
3565.0,8,4.0
3570.0,13,6.5
3575.0,14,7.0
3580.0,10,5.0
3585.0,9,4.5
3590.0,14,7.0
3595.0,8,4.0
3600.0,6,3.0
3605.0,5,2.5
3610.0,9,4.5
3615.0,9,4.5
3620.0,6,3.0
3625.0,3,1.5
3630.0,3,1.5
3635.0,8,4.0
3640.0,8,4.0
3645.0,5,2.5
3650.0,5,2.5
3655.0,10,5.0
3660.0,9,4.5
3665.0,5,2.5
3670.0,7,3.5
3675.0,8,4.0
3680.0,10,5.0
3685.0,6,3.0
3690.0,6,3.0
3695.0,9,4.5
3700.0,6,3.0
3705.0,4,2.0
3710.0,2,1.0
3715.0,8,4.0
3720.0,8,4.0
3725.0,6,3.0
3730.0,8,4.0
3735.0,9,4.5
3740.0,10,5.0
3745.0,7,3.5
3750.0,8,4.0
3755.0,11,5.5
3760.0,17,8.5
3765.0,17,8.5
3770.0,13,6.5
3775.0,13,6.5
3780.0,9,4.5
3785.0,7,3.5
3790.0,4,2.0
3795.0,3,1.5
3800.0,3,1.5
3805.0,7,3.5
3810.0,9,4.5
3815.0,8,4.0
3820.0,9,4.5
3825.0,2,1.0
3830.0,6,3.0
3835.0,7,3.5
3840.0,5,2.5
3845.0,2,1.0
3850.0,7,3.5
3855.0,7,3.5
3860.0,7,3.5
3865.0,4,2.0
3870.0,2,1.0
3875.0,8,4.0
3880.0,14,7.0
3885.0,16,8.0
3890.0,16,8.0
3895.0,13,6.5
3900.0,13,6.5
3905.0,11,5.5
3910.0,9,4.5
3915.0,7,3.5
3920.0,10,5.0
3925.0,9,4.5
3930.0,8,4.0
3935.0,5,2.5
3940.0,5,2.5
3945.0,8,4.0
3950.0,7,3.5
3955.0,4,2.0
3960.0,2,1.0
3965.0,2,1.0
3970.0,8,4.0
3975.0,7,3.5
3980.0,5,2.5
3985.0,4,2.0
3990.0,8,4.0
3995.0,9,4.5
4000.0,8,4.0
4005.0,4,2.0
4010.0,6,3.0
4015.0,9,4.5
4020.0,5,2.5
4025.0,4,2.0
4030.0,2,1.0
4035.0,7,3.5
4040.0,7,3.5
4045.0,5,2.5
4050.0,5,2.5
4055.0,7,3.5
4060.0,7,3.5
4065.0,7,3.5
4070.0,4,2.0
4075.0,8,4.0
4080.0,7,3.5
4085.0,3,1.5
4090.0,6,3.0
4095.0,9,4.5
4100.0,9,4.5
4105.0,7,3.5
4110.0,6,3.0
4115.0,10,5.0
4120.0,7,3.5
4125.0,6,3.0
4130.0,2,1.0
4135.0,7,3.5
4140.0,7,3.5
4145.0,6,3.0
4150.0,5,2.5
4155.0,10,5.0
4160.0,16,8.0
4165.0,15,7.5
4170.0,13,6.5
4175.0,15,7.5
4180.0,14,7.0
4185.0,10,5.0
4190.0,8,4.0
4195.0,6,3.0
4200.0,7,3.5
4205.0,13,6.5
4210.0,14,7.0
4215.0,10,5.0
4220.0,9,4.5
4225.0,11,5.5
4230.0,13,6.5
4235.0,15,7.5
4240.0,14,7.0
4245.0,15,7.5
4250.0,14,7.0
4255.0,9,4.5
4260.0,6,3.0
4265.0,8,4.0
4270.0,11,5.5
4275.0,16,8.0
4280.0,17,8.5
4285.0,14,7.0
4290.0,13,6.5
4295.0,12,6.0
4300.0,9,4.5
4305.0,5,2.5
4310.0,2,1.0
4315.0,7,3.5
4320.0,7,3.5
4325.0,4,2.0
4330.0,2,1.0
4335.0,6,3.0
4340.0,13,6.5
4345.0,15,7.5
4350.0,11,5.5
4355.0,9,4.5
4360.0,12,6.0
4365.0,9,4.5
4370.0,7,3.5
4375.0,8,4.0
4380.0,10,5.0
4385.0,8,4.0
4390.0,5,2.5
4395.0,5,2.5
4400.0,4,2.0
4405.0,9,4.5
4410.0,11,5.5
4415.0,6,3.0
4420.0,7,3.5
4425.0,10,5.0
4430.0,9,4.5
4435.0,7,3.5
4440.0,7,3.5
4445.0,8,4.0
4450.0,9,4.5
4455.0,5,2.5
4460.0,3,1.5
4465.0,7,3.5
4470.0,7,3.5
4475.0,5,2.5
4480.0,5,2.5
4485.0,8,4.0
4490.0,14,7.0
4495.0,16,8.0
4500.0,13,6.5
4505.0,13,6.5
4510.0,12,6.0
4515.0,9,4.5
4520.0,8,4.0
4525.0,7,3.5
4530.0,9,4.5
4535.0,9,4.5
4540.0,6,3.0
4545.0,8,4.0
4550.0,2,1.0
4555.0,8,4.0
4560.0,10,5.0
4565.0,6,3.0
4570.0,5,2.5
4575.0,2,1.0
4580.0,7,3.5
4585.0,14,7.0
4590.0,16,8.0
4595.0,12,6.0
4600.0,8,4.0
4605.0,6,3.0
4610.0,6,3.0
4615.0,4,2.0
4620.0,4,2.0
4625.0,9,4.5
4630.0,14,7.0
4635.0,14,7.0
4640.0,11,5.5
4645.0,9,4.5
4650.0,5,2.5
4655.0,7,3.5
4660.0,13,6.5
4665.0,19,9.5
4670.0,19,9.5
4675.0,17,8.5
4680.0,15,7.5
4685.0,12,6.0
4690.0,10,5.0
4695.0,8,4.0
4700.0,7,3.5
4705.0,10,5.0
4710.0,8,4.0
4715.0,5,2.5
4720.0,4,2.0
4725.0,7,3.5
4730.0,8,4.0
4735.0,5,2.5
4740.0,2,1.0
4745.0,6,3.0
4750.0,6,3.0
4755.0,5,2.5
4760.0,4,2.0
4765.0,9,4.5
4770.0,10,5.0
4775.0,10,5.0
4780.0,6,3.0
4785.0,9,4.5
4790.0,7,3.5
4795.0,6,3.0
4800.0,4,2.0
4805.0,2,1.0
4810.0,7,3.5
4815.0,7,3.5
4820.0,5,2.5
4825.0,7,3.5
4830.0,10,5.0
4835.0,15,7.5
4840.0,17,8.5
4845.0,14,7.0
4850.0,11,5.5
4855.0,11,5.5
4860.0,9,4.5
4865.0,5,2.5
4870.0,6,3.0
4875.0,10,5.0
4880.0,8,4.0
4885.0,7,3.5
4890.0,4,2.0
4895.0,8,4.0
4900.0,10,5.0
4905.0,5,2.5
4910.0,5,2.5
4915.0,10,5.0
4920.0,9,4.5
4925.0,6,3.0
4930.0,5,2.5
4935.0,10,5.0
4940.0,16,8.0
4945.0,14,7.0
4950.0,13,6.5
4955.0,14,7.0
4960.0,11,5.5
4965.0,9,4.5
4970.0,6,3.0
4975.0,4,2.0
4980.0,9,4.5
4985.0,15,7.5
4990.0,15,7.5
4995.0,12,6.0
5000.0,13,6.5
5005.0,12,6.0
5010.0,7,3.5
5015.0,4,2.0
5020.0,2,1.0
5025.0,6,3.0
5030.0,7,3.5
5035.0,4,2.0
5040.0,2,1.0
5045.0,8,4.0
5050.0,8,4.0
5055.0,4,2.0
5060.0,5,2.5
5065.0,9,4.5
5070.0,7,3.5
5075.0,5,2.5
5080.0,8,4.0
5085.0,9,4.5
5090.0,10,5.0
5095.0,5,2.5
5100.0,6,3.0
5105.0,8,4.0
5110.0,6,3.0
5115.0,4,2.0
5120.0,3,1.5
5125.0,8,4.0
5130.0,14,7.0
5135.0,15,7.5
5140.0,15,7.5
5145.0,11,5.5
5150.0,10,5.0
5155.0,10,5.0
5160.0,5,2.5
5165.0,5,2.5
5170.0,10,5.0
5175.0,14,7.0
5180.0,21,10.5
5185.0,21,10.5
5190.0,20,10.0
5195.0,16,8.0
5200.0,14,7.0
5205.0,10,5.0
5210.0,6,3.0
5215.0,7,3.5
5220.0,8,4.0
5225.0,8,4.0
5230.0,6,3.0
5235.0,3,1.5
5240.0,2,1.0
5245.0,10,5.0
5250.0,8,4.0
5255.0,6,3.0
5260.0,5,2.5
5265.0,10,5.0
5270.0,9,4.5
5275.0,5,2.5
5280.0,4,2.0
5285.0,6,3.0
5290.0,7,3.5
5295.0,6,3.0
5300.0,2,1.0
5305.0,8,4.0
5310.0,8,4.0
5315.0,6,3.0
5320.0,4,2.0
5325.0,3,1.5
5330.0,8,4.0
5335.0,14,7.0
5340.0,14,7.0
5345.0,9,4.5
5350.0,12,6.0
5355.0,14,7.0
5360.0,9,4.5
5365.0,6,3.0
5370.0,4,2.0
5375.0,6,3.0
5380.0,8,4.0
5385.0,8,4.0
5390.0,8,4.0
5395.0,6,3.0
5400.0,9,4.5
5405.0,7,3.5
5410.0,6,3.0
5415.0,2,1.0
5420.0,8,4.0
5425.0,7,3.5
5430.0,5,2.5
5435.0,5,2.5
5440.0,9,4.5
5445.0,9,4.5
5450.0,6,3.0
5455.0,3,1.5
5460.0,2,1.0
5465.0,8,4.0
5470.0,8,4.0
5475.0,5,2.5
5480.0,3,1.5
5485.0,1,0.5
5490.0,6,3.0
5495.0,8,4.0
5500.0,5,2.5
5505.0,2,1.0
5510.0,8,4.0
5515.0,13,6.5
5520.0,13,6.5
5525.0,11,5.5
5530.0,11,5.5
5535.0,12,6.0
5540.0,13,6.5
5545.0,18,9.0
5550.0,15,7.5
5555.0,11,5.5
5560.0,10,5.0
5565.0,9,4.5
5570.0,5,2.5
5575.0,6,3.0
5580.0,12,6.0
5585.0,16,8.0
5590.0,16,8.0
5595.0,14,7.0
5600.0,12,6.0
5605.0,13,6.5
5610.0,15,7.5
5615.0,15,7.5
5620.0,16,8.0
5625.0,15,7.5
5630.0,16,8.0
5635.0,16,8.0
5640.0,18,9.0
5645.0,17,8.5
5650.0,11,5.5
5655.0,10,5.0
5660.0,8,4.0
5665.0,7,3.5
5670.0,3,1.5
5675.0,9,4.5
5680.0,9,4.5
5685.0,8,4.0
5690.0,6,3.0
5695.0,10,5.0
5700.0,8,4.0
5705.0,5,2.5
5710.0,4,2.0
5715.0,9,4.5
5720.0,13,6.5
5725.0,14,7.0
5730.0,11,5.5
5735.0,9,4.5
5740.0,8,4.0
5745.0,7,3.5
5750.0,6,3.0
5755.0,6,3.0
5760.0,8,4.0
5765.0,7,3.5
5770.0,5,2.5
5775.0,1,0.5
5780.0,8,4.0
5785.0,9,4.5
5790.0,5,2.5
5795.0,3,1.5
5800.0,8,4.0
5805.0,9,4.5
5810.0,6,3.0
5815.0,5,2.5
5820.0,10,5.0
5825.0,9,4.5
5830.0,9,4.5
5835.0,5,2.5
5840.0,9,4.5
5845.0,8,4.0
5850.0,6,3.0
5855.0,3,1.5
5860.0,8,4.0
5865.0,7,3.5
5870.0,5,2.5
5875.0,4,2.0
5880.0,9,4.5
5885.0,9,4.5
5890.0,7,3.5
5895.0,4,2.0
5900.0,9,4.5
5905.0,8,4.0
5910.0,7,3.5
5915.0,6,3.0
5920.0,10,5.0
5925.0,10,5.0
5930.0,7,3.5
5935.0,8,4.0
5940.0,7,3.5
5945.0,14,7.0
5950.0,14,7.0
5955.0,11,5.5
5960.0,10,5.0
5965.0,10,5.0
5970.0,10,5.0
5975.0,8,4.0
5980.0,7,3.5
5985.0,9,4.5
5990.0,15,7.5
5995.0,15,7.5
6000.0,12,6.0
6005.0,12,6.0
6010.0,15,7.5
6015.0,14,7.0
6020.0,16,8.0
6025.0,15,7.5
6030.0,11,5.5
6035.0,9,4.5
6040.0,8,4.0
6045.0,5,2.5
6050.0,5,2.5
6055.0,8,4.0
6060.0,8,4.0
6065.0,5,2.5
6070.0,3,1.5
6075.0,2,1.0
6080.0,7,3.5
6085.0,9,4.5
6090.0,5,2.5
6095.0,3,1.5
6100.0,7,3.5
6105.0,7,3.5
6110.0,5,2.5
6115.0,5,2.5
6120.0,7,3.5
6125.0,14,7.0
6130.0,17,8.5
6135.0,13,6.5
6140.0,14,7.0
6145.0,13,6.5
6150.0,8,4.0
6155.0,8,4.0
6160.0,1,0.5
6165.0,8,4.0
6170.0,7,3.5
6175.0,5,2.5
6180.0,3,1.5
6185.0,4,2.0
6190.0,1,0.5
6195.0,8,4.0
6200.0,14,7.0
6205.0,13,6.5
6210.0,11,5.5
6215.0,6,3.0
6220.0,8,4.0
6225.0,15,7.5
6230.0,20,10.0
6235.0,21,10.5
6240.0,16,8.0
6245.0,10,5.0
6250.0,8,4.0
6255.0,8,4.0
6260.0,6,3.0
6265.0,4,2.0
6270.0,9,4.5
6275.0,10,5.0
6280.0,6,3.0
6285.0,6,3.0
6290.0,10,5.0
6295.0,11,5.5
6300.0,7,3.5
6305.0,9,4.5
6310.0,9,4.5
6315.0,8,4.0
6320.0,6,3.0
6325.0,6,3.0
6330.0,2,1.0
6335.0,6,3.0
6340.0,9,4.5
6345.0,6,3.0
6350.0,2,1.0
6355.0,7,3.5
6360.0,13,6.5
6365.0,21,10.5
6370.0,23,11.5
6375.0,32,16.0
6380.0,37,18.5
6385.0,32,16.0
6390.0,24,12.0
6395.0,17,8.5
6400.0,15,7.5
6405.0,8,4.0
6410.0,5,2.5
6415.0,4,2.0
6420.0,7,3.5
6425.0,8,4.0
6430.0,5,2.5
6435.0,2,1.0
6440.0,2,1.0
6445.0,8,4.0
6450.0,8,4.0
6455.0,5,2.5
6460.0,4,2.0
6465.0,2,1.0
6470.0,7,3.5
6475.0,7,3.5
6480.0,4,2.0
6485.0,1,0.5
6490.0,2,1.0
6495.0,7,3.5
6500.0,7,3.5
6505.0,4,2.0
6510.0,4,2.0
6515.0,9,4.5
6520.0,14,7.0
6525.0,16,8.0
6530.0,13,6.5
6535.0,14,7.0
6540.0,14,7.0
6545.0,10,5.0
6550.0,8,4.0
6555.0,6,3.0
6560.0,8,4.0
6565.0,8,4.0
6570.0,7,3.5
6575.0,5,2.5
6580.0,2,1.0
6585.0,6,3.0
6590.0,13,6.5
6595.0,20,10.0
6600.0,20,10.0
6605.0,14,7.0
6610.0,10,5.0
6615.0,10,5.0
6620.0,10,5.0
6625.0,8,4.0
6630.0,5,2.5
6635.0,9,4.5
6640.0,9,4.5
6645.0,5,2.5
6650.0,3,1.5
6655.0,2,1.0
6660.0,2,1.0
6665.0,7,3.5
6670.0,13,6.5
6675.0,12,6.0
6680.0,9,4.5
6685.0,9,4.5
6690.0,8,4.0
6695.0,7,3.5
6700.0,4,2.0
6705.0,3,1.5
6710.0,2,1.0
6715.0,8,4.0
6720.0,8,4.0
6725.0,6,3.0
6730.0,2,1.0
6735.0,2,1.0
6740.0,8,4.0
6745.0,8,4.0
6750.0,6,3.0
6755.0,5,2.5
6760.0,9,4.5
6765.0,14,7.0
6770.0,17,8.5
6775.0,12,6.0
6780.0,9,4.5
6785.0,7,3.5
6790.0,7,3.5
6795.0,5,2.5
6800.0,3,1.5
6805.0,7,3.5
6810.0,8,4.0
6815.0,6,3.0
6820.0,5,2.5
6825.0,9,4.5
6830.0,10,5.0
6835.0,6,3.0
6840.0,5,2.5
6845.0,9,4.5
6850.0,15,7.5
6855.0,16,8.0
6860.0,13,6.5
6865.0,13,6.5
6870.0,16,8.0
6875.0,9,4.5
6880.0,7,3.5
6885.0,4,2.0
6890.0,8,4.0
6895.0,6,3.0
6900.0,4,2.0
6905.0,2,1.0
6910.0,8,4.0
6915.0,7,3.5
6920.0,3,1.5
6925.0,2,1.0
6930.0,6,3.0
6935.0,6,3.0
6940.0,4,2.0
6945.0,4,2.0
6950.0,10,5.0
6955.0,10,5.0
6960.0,6,3.0
6965.0,7,3.5
6970.0,10,5.0
6975.0,10,5.0
6980.0,7,3.5
6985.0,8,4.0
6990.0,12,6.0
6995.0,9,4.5
7000.0,7,3.5
7005.0,5,2.5
7010.0,8,4.0
7015.0,8,4.0
7020.0,5,2.5
7025.0,5,2.5
7030.0,8,4.0
7035.0,7,3.5
7040.0,5,2.5
7045.0,3,1.5
7050.0,3,1.5
7055.0,8,4.0
7060.0,7,3.5
7065.0,7,3.5
7070.0,3,1.5
7075.0,2,1.0
7080.0,7,3.5
7085.0,7,3.5
7090.0,5,2.5
7095.0,3,1.5
7100.0,7,3.5
7105.0,7,3.5
7110.0,4,2.0
7115.0,2,1.0
7120.0,4,2.0
7125.0,8,4.0
7130.0,9,4.5
7135.0,7,3.5
7140.0,5,2.5
7145.0,2,1.0
7150.0,8,4.0
7155.0,9,4.5
7160.0,7,3.5
7165.0,7,3.5
7170.0,4,2.0
7175.0,7,3.5
7180.0,7,3.5
7185.0,6,3.0
7190.0,3,1.5
7195.0,7,3.5
7200.0,7,3.5
7205.0,3,1.5
7210.0,3,1.5
7215.0,7,3.5
7220.0,8,4.0
7225.0,6,3.0
7230.0,4,2.0
7235.0,6,3.0
7240.0,7,3.5
7245.0,3,1.5
7250.0,5,2.5
7255.0,10,5.0
7260.0,10,5.0
7265.0,10,5.0
7270.0,5,2.5
7275.0,9,4.5
7280.0,8,4.0
7285.0,6,3.0
7290.0,4,2.0
7295.0,3,1.5
7300.0,7,3.5
7305.0,14,7.0
7310.0,13,6.5
7315.0,12,6.0
7320.0,8,4.0
7325.0,5,2.5
7330.0,7,3.5
7335.0,14,7.0
7340.0,20,10.0
7345.0,20,10.0
7350.0,14,7.0
7355.0,8,4.0
7360.0,8,4.0
7365.0,13,6.5
7370.0,13,6.5
7375.0,10,5.0
7380.0,8,4.0
7385.0,6,3.0
7390.0,8,4.0
7395.0,9,4.5
7400.0,6,3.0
7405.0,6,3.0
7410.0,9,4.5
7415.0,7,3.5
7420.0,5,2.5
7425.0,8,4.0
7430.0,9,4.5
7435.0,9,4.5
7440.0,7,3.5
7445.0,8,4.0
7450.0,10,5.0
7455.0,16,8.0
7460.0,21,10.5
7465.0,23,11.5
7470.0,19,9.5
7475.0,15,7.5
7480.0,14,7.0
7485.0,7,3.5
7490.0,5,2.5
7495.0,3,1.5
7500.0,8,4.0
7505.0,7,3.5
7510.0,4,2.0
7515.0,3,1.5
7520.0,8,4.0
7525.0,7,3.5
7530.0,4,2.0
7535.0,5,2.5
7540.0,10,5.0
7545.0,9,4.5
7550.0,6,3.0
7555.0,9,4.5
7560.0,12,6.0
7565.0,9,4.5
7570.0,6,3.0
7575.0,9,4.5
7580.0,10,5.0
7585.0,9,4.5
7590.0,6,3.0
7595.0,8,4.0
7600.0,12,6.0
7605.0,10,5.0
7610.0,8,4.0
7615.0,5,2.5
7620.0,8,4.0
7625.0,6,3.0
7630.0,1,0.5
7635.0,1,0.5
7640.0,8,4.0
7645.0,7,3.5
7650.0,4,2.0
7655.0,4,2.0
7660.0,7,3.5
7665.0,8,4.0
7670.0,7,3.5
7675.0,6,3.0
7680.0,10,5.0
7685.0,8,4.0
7690.0,3,1.5
7695.0,6,3.0
7700.0,10,5.0
7705.0,9,4.5
7710.0,8,4.0
7715.0,7,3.5
7720.0,1,0.5
7725.0,7,3.5
7730.0,7,3.5
7735.0,5,2.5
7740.0,5,2.5
7745.0,10,5.0
7750.0,15,7.5
7755.0,15,7.5
7760.0,12,6.0
7765.0,10,5.0
7770.0,7,3.5
7775.0,9,4.5
7780.0,9,4.5
7785.0,4,2.0
7790.0,2,1.0
7795.0,2,1.0
7800.0,2,1.0
7805.0,7,3.5
7810.0,14,7.0
7815.0,14,7.0
7820.0,11,5.5
7825.0,11,5.5
7830.0,8,4.0
7835.0,9,4.5
7840.0,5,2.5
7845.0,4,2.0
7850.0,7,3.5
7855.0,8,4.0
7860.0,8,4.0
7865.0,3,1.5
7870.0,7,3.5
7875.0,9,4.5
7880.0,7,3.5
7885.0,5,2.5
7890.0,6,3.0
7895.0,7,3.5
7900.0,4,2.0
7905.0,2,1.0
7910.0,2,1.0
7915.0,6,3.0
7920.0,7,3.5
7925.0,5,2.5
7930.0,4,2.0
7935.0,8,4.0
7940.0,8,4.0
7945.0,4,2.0
7950.0,5,2.5
7955.0,2,1.0
7960.0,6,3.0
7965.0,9,4.5
7970.0,7,3.5
7975.0,3,1.5
7980.0,6,3.0
7985.0,9,4.5
7990.0,6,3.0
7995.0,2,1.0
8000.0,9,4.5
8005.0,8,4.0
8010.0,6,3.0
8015.0,5,2.5
8020.0,2,1.0
8025.0,8,4.0
8030.0,7,3.5
8035.0,5,2.5
8040.0,2,1.0
8045.0,1,0.5
8050.0,6,3.0
8055.0,6,3.0
8060.0,4,2.0
8065.0,3,1.5
8070.0,6,3.0
8075.0,6,3.0
8080.0,3,1.5
8085.0,0,0.0
8090.0,8,4.0
8095.0,8,4.0
8100.0,8,4.0
8105.0,3,1.5
8110.0,8,4.0
8115.0,12,6.0
8120.0,13,6.5
8125.0,11,5.5
8130.0,10,5.0
8135.0,8,4.0
8140.0,8,4.0
8145.0,7,3.5
8150.0,5,2.5
8155.0,2,1.0
8160.0,4,2.0
8165.0,8,4.0
8170.0,8,4.0
8175.0,6,3.0
8180.0,3,1.5
8185.0,7,3.5
8190.0,10,5.0
8195.0,8,4.0
8200.0,3,1.5
8205.0,6,3.0
8210.0,9,4.5
8215.0,5,2.5
8220.0,4,2.0
8225.0,7,3.5
8230.0,9,4.5
8235.0,8,4.0
8240.0,7,3.5
8245.0,11,5.5
8250.0,9,4.5
8255.0,7,3.5
8260.0,6,3.0
8265.0,7,3.5
8270.0,8,4.0
8275.0,5,2.5
8280.0,3,1.5
8285.0,5,2.5
8290.0,8,4.0
8295.0,4,2.0
8300.0,6,3.0
8305.0,8,4.0
8310.0,11,5.5
8315.0,10,5.0
8320.0,8,4.0
8325.0,13,6.5
8330.0,15,7.5
8335.0,16,8.0
8340.0,15,7.5
8345.0,10,5.0
8350.0,13,6.5
8355.0,9,4.5
8360.0,5,2.5
8365.0,6,3.0
8370.0,10,5.0
8375.0,10,5.0
8380.0,6,3.0
8385.0,2,1.0
8390.0,10,5.0
8395.0,9,4.5
8400.0,7,3.5
8405.0,6,3.0
8410.0,3,1.5
8415.0,7,3.5
8420.0,13,6.5
8425.0,16,8.0
8430.0,11,5.5
8435.0,10,5.0
8440.0,10,5.0
8445.0,7,3.5
8450.0,5,2.5
8455.0,4,2.0
8460.0,9,4.5
8465.0,9,4.5
8470.0,8,4.0
8475.0,5,2.5
8480.0,3,1.5
8485.0,7,3.5
8490.0,9,4.5
8495.0,8,4.0
8500.0,4,2.0
8505.0,9,4.5
8510.0,10,5.0
8515.0,8,4.0
8520.0,5,2.5
8525.0,9,4.5
8530.0,9,4.5
8535.0,8,4.0
8540.0,5,2.5
8545.0,8,4.0
8550.0,9,4.5
8555.0,5,2.5
8560.0,5,2.5
8565.0,1,0.5
8570.0,7,3.5
8575.0,8,4.0
8580.0,5,2.5
8585.0,4,2.0
8590.0,8,4.0
8595.0,7,3.5
8600.0,3,1.5
8605.0,7,3.5
8610.0,11,5.5
8615.0,11,5.5
8620.0,7,3.5
8625.0,5,2.5
8630.0,2,1.0
8635.0,4,2.0
8640.0,1,0.5
8645.0,6,3.0
8650.0,13,6.5
8655.0,20,10.0
8660.0,24,12.0
8665.0,26,13.0
8670.0,26,13.0
8675.0,27,13.5
8680.0,31,15.5
8685.0,32,16.0
8690.0,33,16.5
8695.0,36,18.0
8700.0,38,19.0
8705.0,32,16.0
8710.0,25,12.5
8715.0,15,7.5
8720.0,11,5.5
8725.0,8,4.0
8730.0,2,1.0
8735.0,2,1.0
8740.0,9,4.5
8745.0,8,4.0
8750.0,7,3.5
8755.0,4,2.0
8760.0,8,4.0
8765.0,10,5.0
8770.0,6,3.0
8775.0,5,2.5
8780.0,9,4.5
8785.0,10,5.0
8790.0,6,3.0
8795.0,5,2.5
8800.0,7,3.5
8805.0,7,3.5
8810.0,7,3.5
8815.0,4,2.0
8820.0,8,4.0
8825.0,8,4.0
8830.0,4,2.0
8835.0,4,2.0
8840.0,9,4.5
8845.0,10,5.0
8850.0,6,3.0
8855.0,6,3.0
8860.0,8,4.0
8865.0,8,4.0
8870.0,6,3.0
8875.0,4,2.0
8880.0,2,1.0
8885.0,7,3.5
8890.0,9,4.5
8895.0,6,3.0
8900.0,3,1.5
8905.0,2,1.0
8910.0,8,4.0
8915.0,9,4.5
8920.0,6,3.0
8925.0,2,1.0
8930.0,8,4.0
8935.0,9,4.5
8940.0,8,4.0
8945.0,4,2.0
8950.0,8,4.0
8955.0,9,4.5
8960.0,8,4.0
8965.0,6,3.0
8970.0,9,4.5
8975.0,8,4.0
8980.0,5,2.5
8985.0,5,2.5
8990.0,10,5.0
8995.0,9,4.5
9000.0,6,3.0
9005.0,6,3.0
9010.0,4,2.0
9015.0,7,3.5
9020.0,13,6.5
9025.0,15,7.5
9030.0,13,6.5
9035.0,9,4.5
9040.0,11,5.5
9045.0,8,4.0
9050.0,5,2.5
9055.0,3,1.5
9060.0,1,0.5
9065.0,7,3.5
9070.0,8,4.0
9075.0,4,2.0
9080.0,3,1.5
9085.0,1,0.5
9090.0,8,4.0
9095.0,8,4.0
9100.0,5,2.5
9105.0,4,2.0
9110.0,8,4.0
9115.0,8,4.0
9120.0,7,3.5
9125.0,4,2.0
9130.0,6,3.0
9135.0,7,3.5
9140.0,4,2.0
9145.0,3,1.5
9150.0,2,1.0
9155.0,6,3.0
9160.0,8,4.0
9165.0,6,3.0
9170.0,6,3.0
9175.0,10,5.0
9180.0,10,5.0
9185.0,6,3.0
9190.0,6,3.0
9195.0,3,1.5
9200.0,7,3.5
9205.0,10,5.0
9210.0,8,4.0
9215.0,7,3.5
9220.0,2,1.0
9225.0,7,3.5
9230.0,7,3.5
9235.0,7,3.5
9240.0,4,2.0
9245.0,2,1.0
9250.0,7,3.5
9255.0,6,3.0
9260.0,4,2.0
9265.0,4,2.0
9270.0,8,4.0
9275.0,7,3.5
9280.0,4,2.0
9285.0,4,2.0
9290.0,2,1.0
9295.0,8,4.0
9300.0,15,7.5
9305.0,21,10.5
9310.0,23,11.5
9315.0,18,9.0
9320.0,15,7.5
9325.0,14,7.0
9330.0,14,7.0
9335.0,14,7.0
9340.0,14,7.0
9345.0,13,6.5
9350.0,12,6.0
9355.0,9,4.5
9360.0,7,3.5
9365.0,2,1.0
9370.0,9,4.5
9375.0,7,3.5
9380.0,6,3.0
9385.0,7,3.5
9390.0,3,1.5
9395.0,8,4.0
9400.0,9,4.5
9405.0,5,2.5
9410.0,5,2.5
9415.0,8,4.0
9420.0,8,4.0
9425.0,5,2.5
9430.0,4,2.0
9435.0,10,5.0
9440.0,11,5.5
9445.0,11,5.5
9450.0,5,2.5
9455.0,9,4.5
9460.0,8,4.0
9465.0,6,3.0
9470.0,3,1.5
9475.0,3,1.5
9480.0,1,0.5
9485.0,7,3.5
9490.0,12,6.0
9495.0,18,9.0
9500.0,25,12.5
9505.0,26,13.0
9510.0,21,10.5
9515.0,17,8.5
9520.0,13,6.5
9525.0,10,5.0
9530.0,8,4.0
9535.0,6,3.0
9540.0,10,5.0
9545.0,8,4.0
9550.0,5,2.5
9555.0,3,1.5
9560.0,8,4.0
9565.0,8,4.0
9570.0,6,3.0
9575.0,4,2.0
9580.0,10,5.0
9585.0,9,4.5
9590.0,5,2.5
9595.0,4,2.0
9600.0,9,4.5
9605.0,8,4.0
9610.0,6,3.0
9615.0,4,2.0
9620.0,9,4.5
9625.0,10,5.0
9630.0,7,3.5
9635.0,8,4.0
9640.0,9,4.5
9645.0,9,4.5
9650.0,7,3.5
9655.0,9,4.5
9660.0,2,1.0
9665.0,6,3.0
9670.0,9,4.5
9675.0,6,3.0
9680.0,4,2.0
9685.0,2,1.0
9690.0,7,3.5
9695.0,7,3.5
9700.0,3,1.5
9705.0,4,2.0
9710.0,3,1.5
9715.0,8,4.0
9720.0,15,7.5
9725.0,23,11.5
9730.0,18,9.0
9735.0,13,6.5
9740.0,11,5.5
9745.0,10,5.0
9750.0,8,4.0
9755.0,5,2.5
9760.0,4,2.0
9765.0,6,3.0
9770.0,7,3.5
9775.0,4,2.0
9780.0,3,1.5
9785.0,7,3.5
9790.0,7,3.5
9795.0,5,2.5
9800.0,4,2.0
9805.0,8,4.0
9810.0,14,7.0
9815.0,16,8.0
9820.0,12,6.0
9825.0,11,5.5
9830.0,7,3.5
9835.0,7,3.5
9840.0,8,4.0
9845.0,3,1.5
9850.0,1,0.5
9855.0,2,1.0
9860.0,7,3.5
9865.0,8,4.0
9870.0,7,3.5
9875.0,0,0.0
9880.0,6,3.0
9885.0,13,6.5
9890.0,13,6.5
9895.0,9,4.5
9900.0,10,5.0
9905.0,7,3.5
9910.0,7,3.5
9915.0,10,5.0
9920.0,6,3.0
9925.0,5,2.5
9930.0,1,0.5
9935.0,7,3.5
9940.0,6,3.0
9945.0,5,2.5
9950.0,4,2.0
9955.0,9,4.5
9960.0,9,4.5
9965.0,5,2.5
9970.0,5,2.5
9975.0,9,4.5
9980.0,8,4.0
9985.0,7,3.5
9990.0,6,3.0
9995.0,2,1.0
10000.0,7,3.5
10005.0,7,3.5
10010.0,5,2.5
10015.0,4,2.0
10020.0,8,4.0
10025.0,8,4.0
10030.0,5,2.5
10035.0,5,2.5
10040.0,7,3.5
10045.0,9,4.5
10050.0,4,2.0
10055.0,2,1.0
10060.0,1,0.5
10065.0,1,0.5
10070.0,8,4.0
10075.0,12,6.0
10080.0,20,10.0
10085.0,24,12.0
10090.0,26,13.0
10095.0,27,13.5
10100.0,32,16.0
10105.0,36,18.0
10110.0,38,19.0
10115.0,32,16.0
10120.0,22,11.0
10125.0,15,7.5
10130.0,13,6.5
10135.0,11,5.5
10140.0,9,4.5
10145.0,6,3.0
10150.0,10,5.0
10155.0,10,5.0
10160.0,9,4.5
10165.0,5,2.5
10170.0,9,4.5
10175.0,7,3.5
10180.0,6,3.0
10185.0,7,3.5
10190.0,13,6.5
10195.0,10,5.0
10200.0,7,3.5
10205.0,6,3.0
10210.0,11,5.5
10215.0,6,3.0
10220.0,4,2.0
10225.0,3,1.5
10230.0,8,4.0
10235.0,8,4.0
10240.0,5,2.5
10245.0,4,2.0
10250.0,3,1.5
10255.0,6,3.0
10260.0,6,3.0
10265.0,5,2.5
10270.0,3,1.5
10275.0,10,5.0
10280.0,8,4.0
10285.0,7,3.5
10290.0,5,2.5
10295.0,10,5.0
10300.0,8,4.0
10305.0,6,3.0
10310.0,4,2.0
10315.0,9,4.5
10320.0,9,4.5
10325.0,5,2.5
10330.0,3,1.5
10335.0,2,1.0
10340.0,8,4.0
10345.0,7,3.5
10350.0,5,2.5
10355.0,4,2.0
10360.0,7,3.5
10365.0,8,4.0
10370.0,6,3.0
10375.0,2,1.0
10380.0,3,1.5
10385.0,8,4.0
10390.0,9,4.5
10395.0,8,4.0
10400.0,7,3.5
10405.0,9,4.5
10410.0,9,4.5
10415.0,7,3.5
10420.0,6,3.0
10425.0,8,4.0
10430.0,7,3.5
10435.0,5,2.5
10440.0,0,0.0
10445.0,7,3.5
10450.0,7,3.5
10455.0,4,2.0
10460.0,2,1.0
10465.0,4,2.0
10470.0,8,4.0
10475.0,8,4.0
10480.0,6,3.0
10485.0,4,2.0
10490.0,3,1.5
10495.0,8,4.0
10500.0,10,5.0
10505.0,5,2.5
10510.0,6,3.0
10515.0,7,3.5
10520.0,6,3.0
10525.0,5,2.5
10530.0,3,1.5
10535.0,7,3.5
10540.0,9,4.5
10545.0,6,3.0
10550.0,2,1.0
10555.0,1,0.5
10560.0,7,3.5
10565.0,7,3.5
10570.0,5,2.5
10575.0,5,2.5
10580.0,1,0.5
10585.0,9,4.5
10590.0,6,3.0
10595.0,6,3.0
10600.0,4,2.0
10605.0,9,4.5
10610.0,9,4.5
10615.0,7,3.5
10620.0,2,1.0
10625.0,7,3.5
10630.0,9,4.5
10635.0,4,2.0
10640.0,3,1.5
10645.0,2,1.0
10650.0,6,3.0
10655.0,8,4.0
10660.0,4,2.0
10665.0,3,1.5
10670.0,8,4.0
10675.0,9,4.5
10680.0,6,3.0
10685.0,4,2.0
10690.0,2,1.0
10695.0,6,3.0
10700.0,8,4.0
10705.0,4,2.0
10710.0,3,1.5
10715.0,2,1.0
10720.0,6,3.0
10725.0,8,4.0
10730.0,4,2.0
10735.0,3,1.5
10740.0,9,4.5
10745.0,10,5.0
10750.0,8,4.0
10755.0,6,3.0
10760.0,4,2.0
10765.0,7,3.5
10770.0,7,3.5
10775.0,6,3.0
10780.0,2,1.0
10785.0,9,4.5
10790.0,8,4.0
10795.0,6,3.0
10800.0,4,2.0
10805.0,6,3.0
10810.0,6,3.0
10815.0,5,2.5
10820.0,2,1.0
10825.0,6,3.0
10830.0,12,6.0
10835.0,14,7.0
10840.0,11,5.5
10845.0,9,4.5
10850.0,9,4.5
10855.0,8,4.0
10860.0,6,3.0
10865.0,3,1.5
10870.0,2,1.0
10875.0,7,3.5
10880.0,13,6.5
10885.0,15,7.5
10890.0,12,6.0
10895.0,11,5.5
10900.0,9,4.5
10905.0,7,3.5
10910.0,7,3.5
10915.0,5,2.5
10920.0,6,3.0
10925.0,10,5.0
10930.0,18,9.0
10935.0,25,12.5
10940.0,32,16.0
10945.0,33,16.5
10950.0,26,13.0
10955.0,17,8.5
10960.0,15,7.5
10965.0,11,5.5
10970.0,9,4.5
10975.0,9,4.5
10980.0,11,5.5
10985.0,9,4.5
10990.0,7,3.5
10995.0,5,2.5
11000.0,5,2.5
11005.0,8,4.0
11010.0,7,3.5
11015.0,7,3.5
11020.0,4,2.0
11025.0,2,1.0
11030.0,7,3.5
11035.0,12,6.0
11040.0,7,3.5
11045.0,4,2.0
11050.0,10,5.0
11055.0,9,4.5
11060.0,6,3.0
11065.0,6,3.0
11070.0,11,5.5
11075.0,7,3.5
11080.0,4,2.0
11085.0,7,3.5
11090.0,3,1.5
11095.0,8,4.0
11100.0,8,4.0
11105.0,5,2.5
11110.0,3,1.5
11115.0,8,4.0
11120.0,9,4.5
11125.0,5,2.5
11130.0,7,3.5
11135.0,3,1.5
11140.0,7,3.5
11145.0,9,4.5
11150.0,5,2.5
11155.0,3,1.5
11160.0,4,2.0
11165.0,6,3.0
11170.0,12,6.0
11175.0,13,6.5
11180.0,11,5.5
11185.0,12,6.0
11190.0,14,7.0
11195.0,8,4.0
11200.0,9,4.5
11205.0,5,2.5
11210.0,9,4.5
11215.0,13,6.5
11220.0,15,7.5
11225.0,14,7.0
11230.0,14,7.0
11235.0,12,6.0
11240.0,10,5.0
11245.0,9,4.5
11250.0,7,3.5
11255.0,9,4.5
11260.0,16,8.0
11265.0,17,8.5
11270.0,14,7.0
11275.0,14,7.0
11280.0,11,5.5
11285.0,9,4.5
11290.0,8,4.0
11295.0,5,2.5
11300.0,9,4.5
11305.0,11,5.5
11310.0,9,4.5
11315.0,2,1.0
11320.0,7,3.5
11325.0,7,3.5
11330.0,5,2.5
11335.0,4,2.0
11340.0,8,4.0
11345.0,15,7.5
11350.0,16,8.0
11355.0,13,6.5
11360.0,13,6.5
11365.0,7,3.5
11370.0,7,3.5
11375.0,7,3.5
11380.0,4,2.0
11385.0,4,2.0
11390.0,7,3.5
11395.0,9,4.5
11400.0,8,4.0
11405.0,4,2.0
11410.0,8,4.0
11415.0,7,3.5
11420.0,5,2.5
11425.0,5,2.5
11430.0,8,4.0
11435.0,8,4.0
11440.0,5,2.5
11445.0,2,1.0
11450.0,3,1.5
11455.0,2,1.0
11460.0,8,4.0
11465.0,11,5.5
11470.0,8,4.0
11475.0,6,3.0
11480.0,1,0.5
11485.0,7,3.5
11490.0,7,3.5
11495.0,4,2.0
11500.0,3,1.5
11505.0,2,1.0
11510.0,0,0.0
11515.0,6,3.0
11520.0,10,5.0
11525.0,17,8.5
11530.0,24,12.0
11535.0,30,15.0
11540.0,32,16.0
11545.0,30,15.0
11550.0,24,12.0
11555.0,15,7.5
11560.0,14,7.0
11565.0,9,4.5
11570.0,5,2.5
11575.0,4,2.0
11580.0,3,1.5
11585.0,8,4.0
11590.0,8,4.0
11595.0,5,2.5
11600.0,3,1.5
11605.0,1,0.5
11610.0,7,3.5
11615.0,13,6.5
11620.0,13,6.5
11625.0,8,4.0
11630.0,6,3.0
11635.0,9,4.5
11640.0,9,4.5
11645.0,6,3.0
11650.0,5,2.5
11655.0,7,3.5
11660.0,8,4.0
11665.0,5,2.5
11670.0,4,2.0
11675.0,4,2.0
11680.0,0,0.0
11685.0,6,3.0
11690.0,12,6.0
11695.0,13,6.5
11700.0,11,5.5
11705.0,8,4.0
11710.0,9,4.5
11715.0,9,4.5
11720.0,5,2.5
11725.0,6,3.0
11730.0,3,1.5
11735.0,8,4.0
11740.0,7,3.5
11745.0,9,4.5
11750.0,7,3.5
11755.0,10,5.0
11760.0,9,4.5
11765.0,10,5.0
11770.0,5,2.5
11775.0,8,4.0
11780.0,9,4.5
11785.0,5,2.5
11790.0,5,2.5
11795.0,1,0.5
11800.0,7,3.5
11805.0,8,4.0
11810.0,9,4.5
11815.0,6,3.0
11820.0,8,4.0
11825.0,7,3.5
11830.0,7,3.5
11835.0,6,3.0
11840.0,5,2.5
11845.0,8,4.0
11850.0,8,4.0
11855.0,8,4.0
11860.0,6,3.0
11865.0,8,4.0
11870.0,8,4.0
11875.0,7,3.5
11880.0,5,2.5
11885.0,13,6.5
11890.0,10,5.0
11895.0,8,4.0
11900.0,8,4.0
11905.0,10,5.0
11910.0,7,3.5
11915.0,5,2.5
11920.0,3,1.5
11925.0,0,0.0
11930.0,2,1.0
11935.0,6,3.0
11940.0,12,6.0
11945.0,13,6.5
11950.0,10,5.0
11955.0,5,2.5
11960.0,8,4.0
11965.0,7,3.5
11970.0,4,2.0
11975.0,1,0.5
11980.0,2,1.0
11985.0,0,0.0
11990.0,7,3.5
11995.0,6,3.0
12000.0,5,2.5
12005.0,2,1.0
12010.0,8,4.0
12015.0,9,4.5
12020.0,7,3.5
12025.0,4,2.0
12030.0,9,4.5
12035.0,11,5.5
12040.0,6,3.0
12045.0,6,3.0
12050.0,10,5.0
12055.0,8,4.0
12060.0,6,3.0
12065.0,5,2.5
12070.0,5,2.5
12075.0,9,4.5
12080.0,8,4.0
12085.0,5,2.5
12090.0,3,1.5
12095.0,1,0.5
12100.0,6,3.0
12105.0,7,3.5
12110.0,4,2.0
12115.0,5,2.5
12120.0,1,0.5
12125.0,7,3.5
12130.0,7,3.5
12135.0,4,2.0
12140.0,3,1.5
12145.0,9,4.5
12150.0,9,4.5
12155.0,10,5.0
12160.0,8,4.0
12165.0,8,4.0
12170.0,7,3.5
12175.0,5,2.5
12180.0,5,2.5
12185.0,3,1.5
12190.0,7,3.5
12195.0,7,3.5
12200.0,5,2.5
12205.0,2,1.0
12210.0,6,3.0
12215.0,7,3.5
12220.0,3,1.5
12225.0,5,2.5
12230.0,8,4.0
12235.0,8,4.0
12240.0,5,2.5
12245.0,4,2.0
12250.0,3,1.5
12255.0,7,3.5
12260.0,7,3.5
12265.0,4,2.0
12270.0,2,1.0
12275.0,2,1.0
12280.0,1,0.5
12285.0,7,3.5
12290.0,13,6.5
12295.0,19,9.5
12300.0,24,12.0
12305.0,26,13.0
12310.0,27,13.5
12315.0,29,14.5
12320.0,34,17.0
12325.0,38,19.0
12330.0,38,19.0
12335.0,32,16.0
12340.0,23,11.5
12345.0,17,8.5
12350.0,14,7.0
12355.0,10,5.0
12360.0,6,3.0
12365.0,7,3.5
12370.0,11,5.5
12375.0,9,4.5
12380.0,7,3.5
12385.0,4,2.0
12390.0,5,2.5
12395.0,7,3.5
12400.0,7,3.5
12405.0,2,1.0
12410.0,4,2.0
12415.0,10,5.0
12420.0,9,4.5
12425.0,7,3.5
12430.0,8,4.0
12435.0,10,5.0
12440.0,9,4.5
12445.0,9,4.5
12450.0,4,2.0
12455.0,9,4.5
12460.0,10,5.0
12465.0,6,3.0
12470.0,6,3.0
12475.0,11,5.5
12480.0,10,5.0
12485.0,6,3.0
12490.0,4,2.0
12495.0,4,2.0
12500.0,1,0.5
12505.0,7,3.5
12510.0,7,3.5
12515.0,3,1.5
12520.0,2,1.0
12525.0,8,4.0
12530.0,14,7.0
12535.0,14,7.0
12540.0,13,6.5
12545.0,10,5.0
12550.0,11,5.5
12555.0,13,6.5
12560.0,20,10.0
12565.0,22,11.0
12570.0,22,11.0
12575.0,17,8.5
12580.0,15,7.5
12585.0,17,8.5
12590.0,21,10.5
12595.0,24,12.0
12600.0,22,11.0
12605.0,17,8.5
12610.0,13,6.5
12615.0,8,4.0
12620.0,5,2.5
12625.0,5,2.5
12630.0,8,4.0
12635.0,7,3.5
12640.0,6,3.0
12645.0,3,1.5
12650.0,3,1.5
12655.0,8,4.0
12660.0,10,5.0
12665.0,7,3.5
12670.0,5,2.5
12675.0,4,2.0
12680.0,9,4.5
12685.0,9,4.5
12690.0,6,3.0
12695.0,5,2.5
12700.0,9,4.5
12705.0,9,4.5
12710.0,9,4.5
12715.0,5,2.5
12720.0,9,4.5
12725.0,13,6.5
12730.0,13,6.5
12735.0,12,6.0
12740.0,7,3.5
12745.0,12,6.0
12750.0,8,4.0
12755.0,6,3.0
12760.0,4,2.0
12765.0,6,3.0
12770.0,9,4.5
12775.0,5,2.5
12780.0,3,1.5
12785.0,9,4.5
12790.0,11,5.5
12795.0,8,4.0
12800.0,6,3.0
12805.0,6,3.0
12810.0,8,4.0
12815.0,8,4.0
12820.0,3,1.5
12825.0,4,2.0
12830.0,9,4.5
12835.0,10,5.0
12840.0,8,4.0
12845.0,6,3.0
12850.0,7,3.5
12855.0,8,4.0
12860.0,5,2.5
12865.0,5,2.5
12870.0,8,4.0
12875.0,14,7.0
12880.0,15,7.5
12885.0,14,7.0
12890.0,10,5.0
12895.0,2,1.0
12900.0,7,3.5
12905.0,9,4.5
12910.0,6,3.0
12915.0,3,1.5
12920.0,8,4.0
12925.0,9,4.5
12930.0,8,4.0
12935.0,5,2.5
12940.0,6,3.0
12945.0,8,4.0
12950.0,5,2.5
12955.0,1,0.5
12960.0,2,1.0
12965.0,7,3.5
12970.0,9,4.5
12975.0,6,3.0
12980.0,3,1.5
12985.0,7,3.5
12990.0,7,3.5
12995.0,3,1.5
13000.0,3,1.5
13005.0,2,1.0
13010.0,1,0.5
13015.0,8,4.0
13020.0,8,4.0
13025.0,6,3.0
13030.0,5,2.5
13035.0,8,4.0
13040.0,9,4.5
13045.0,4,2.0
13050.0,4,2.0
13055.0,3,1.5
13060.0,8,4.0
13065.0,8,4.0
13070.0,4,2.0
13075.0,1,0.5
13080.0,0,0.0
13085.0,1,0.5
13090.0,6,3.0
13095.0,14,7.0
13100.0,14,7.0
13105.0,11,5.5
13110.0,8,4.0
13115.0,10,5.0
13120.0,9,4.5
13125.0,5,2.5
13130.0,5,2.5
13135.0,2,1.0
13140.0,6,3.0
13145.0,8,4.0
13150.0,3,1.5
13155.0,3,1.5
13160.0,2,1.0
13165.0,6,3.0
13170.0,7,3.5
13175.0,6,3.0
13180.0,4,2.0
13185.0,3,1.5
13190.0,8,4.0
13195.0,9,4.5
13200.0,8,4.0
13205.0,7,3.5
13210.0,7,3.5
13215.0,9,4.5
13220.0,8,4.0
13225.0,6,3.0
13230.0,11,5.5
13235.0,14,7.0
13240.0,16,8.0
13245.0,13,6.5
13250.0,12,6.0
13255.0,14,7.0
13260.0,9,4.5
13265.0,7,3.5
13270.0,9,4.5
13275.0,4,2.0
13280.0,9,4.5
13285.0,10,5.0
13290.0,8,4.0
13295.0,4,2.0
13300.0,10,5.0
13305.0,11,5.5
13310.0,7,3.5
13315.0,5,2.5
13320.0,4,2.0
13325.0,1,0.5
13330.0,7,3.5
13335.0,10,5.0
13340.0,6,3.0
13345.0,3,1.5
13350.0,10,5.0
13355.0,10,5.0
13360.0,7,3.5
13365.0,2,1.0
13370.0,8,4.0
13375.0,10,5.0
13380.0,7,3.5
13385.0,6,3.0
13390.0,2,1.0
13395.0,6,3.0
13400.0,8,4.0
13405.0,5,2.5
13410.0,4,2.0
13415.0,8,4.0
13420.0,10,5.0
13425.0,6,3.0
13430.0,4,2.0
13435.0,2,1.0
13440.0,7,3.5
13445.0,6,3.0
13450.0,4,2.0
13455.0,3,1.5
13460.0,8,4.0
13465.0,9,4.5
13470.0,6,3.0
13475.0,5,2.5
13480.0,3,1.5
13485.0,7,3.5
13490.0,8,4.0
13495.0,4,2.0
13500.0,1,0.5
13505.0,2,1.0
13510.0,1,0.5
13515.0,5,2.5
13520.0,12,6.0
13525.0,18,9.0
13530.0,25,12.5
13535.0,28,14.0
13540.0,34,17.0
13545.0,37,18.5
13550.0,38,19.0
13555.0,32,16.0
13560.0,22,11.0
13565.0,16,8.0
13570.0,12,6.0
13575.0,10,5.0
13580.0,6,3.0
13585.0,4,2.0
13590.0,3,1.5
13595.0,8,4.0
13600.0,8,4.0
13605.0,6,3.0
13610.0,4,2.0
13615.0,10,5.0
13620.0,11,5.5
13625.0,10,5.0
13630.0,9,4.5
13635.0,11,5.5
13640.0,9,4.5
13645.0,7,3.5
13650.0,11,5.5
13655.0,4,2.0
13660.0,9,4.5
13665.0,10,5.0
13670.0,6,3.0
13675.0,3,1.5
13680.0,2,1.0
13685.0,8,4.0
13690.0,9,4.5
13695.0,5,2.5
13700.0,4,2.0
13705.0,1,0.5
13710.0,7,3.5
13715.0,6,3.0
13720.0,5,2.5
13725.0,3,1.5
13730.0,9,4.5
13735.0,15,7.5
13740.0,15,7.5
13745.0,12,6.0
13750.0,11,5.5
13755.0,12,6.0
13760.0,7,3.5
13765.0,6,3.0
13770.0,8,4.0
13775.0,8,4.0
13780.0,9,4.5
13785.0,6,3.0
13790.0,4,2.0
13795.0,9,4.5
13800.0,6,3.0
13805.0,7,3.5
13810.0,4,2.0
13815.0,6,3.0
13820.0,6,3.0
13825.0,6,3.0
13830.0,4,2.0
13835.0,0,0.0
13840.0,6,3.0
13845.0,6,3.0
13850.0,5,2.5
13855.0,2,1.0
13860.0,7,3.5
13865.0,8,4.0
13870.0,6,3.0
13875.0,5,2.5
13880.0,2,1.0
13885.0,7,3.5
13890.0,8,4.0
13895.0,7,3.5
13900.0,4,2.0
13905.0,2,1.0
13910.0,8,4.0
13915.0,12,6.0
13920.0,13,6.5
13925.0,13,6.5
13930.0,10,5.0
13935.0,10,5.0
13940.0,11,5.5
13945.0,9,4.5
13950.0,11,5.5
13955.0,11,5.5
13960.0,14,7.0
13965.0,15,7.5
13970.0,13,6.5
13975.0,13,6.5
13980.0,12,6.0
13985.0,7,3.5
13990.0,4,2.0
13995.0,3,1.5
14000.0,1,0.5
14005.0,7,3.5
14010.0,9,4.5
14015.0,7,3.5
14020.0,6,3.0
14025.0,9,4.5
14030.0,10,5.0
14035.0,6,3.0
14040.0,4,2.0
14045.0,8,4.0
14050.0,7,3.5
14055.0,7,3.5
14060.0,6,3.0
14065.0,0,0.0
14070.0,7,3.5
14075.0,9,4.5
14080.0,4,2.0
14085.0,4,2.0
14090.0,6,3.0
14095.0,7,3.5
14100.0,4,2.0
14105.0,3,1.5
14110.0,7,3.5
14115.0,8,4.0
14120.0,5,2.5
14125.0,5,2.5
14130.0,6,3.0
14135.0,13,6.5
14140.0,12,6.0
14145.0,13,6.5
14150.0,10,5.0
14155.0,15,7.5
14160.0,16,8.0
14165.0,16,8.0
14170.0,16,8.0
14175.0,13,6.5
14180.0,5,2.5
14185.0,6,3.0
14190.0,6,3.0
14195.0,2,1.0
14200.0,3,1.5
14205.0,9,4.5
14210.0,6,3.0
14215.0,5,2.5
14220.0,5,2.5
14225.0,9,4.5
14230.0,11,5.5
14235.0,7,3.5
14240.0,7,3.5
14245.0,10,5.0
14250.0,8,4.0
14255.0,6,3.0
14260.0,1,0.5
14265.0,7,3.5
14270.0,8,4.0
14275.0,5,2.5
14280.0,3,1.5
14285.0,3,1.5
14290.0,9,4.5
14295.0,7,3.5
14300.0,8,4.0
14305.0,6,3.0
14310.0,11,5.5
14315.0,12,6.0
14320.0,10,5.0
14325.0,4,2.0
14330.0,10,5.0
14335.0,8,4.0
14340.0,6,3.0
14345.0,3,1.5
14350.0,9,4.5
14355.0,8,4.0
14360.0,6,3.0
14365.0,4,2.0
14370.0,9,4.5
14375.0,8,4.0
14380.0,3,1.5
14385.0,5,2.5
14390.0,3,1.5
14395.0,3,1.5
14400.0,8,4.0
14405.0,10,5.0
14410.0,8,4.0
14415.0,4,2.0
14420.0,8,4.0
14425.0,10,5.0
14430.0,10,5.0
14435.0,9,4.5
14440.0,13,6.5
14445.0,8,4.0
14450.0,5,2.5
14455.0,5,2.5
14460.0,2,1.0
14465.0,3,1.5
14470.0,1,0.5
14475.0,5,2.5
14480.0,5,2.5
14485.0,3,1.5
14490.0,4,2.0
14495.0,8,4.0
14500.0,8,4.0
14505.0,9,4.5
14510.0,5,2.5
14515.0,7,3.5
14520.0,8,4.0
14525.0,6,3.0
14530.0,5,2.5
14535.0,9,4.5
14540.0,8,4.0
14545.0,6,3.0
14550.0,6,3.0
14555.0,0,0.0
14560.0,7,3.5
14565.0,8,4.0
14570.0,5,2.5
14575.0,4,2.0
14580.0,9,4.5
14585.0,8,4.0
14590.0,5,2.5
14595.0,7,3.5
14600.0,1,0.5
14605.0,6,3.0
14610.0,7,3.5
14615.0,4,2.0
14620.0,2,1.0
14625.0,8,4.0
14630.0,15,7.5
14635.0,20,10.0
14640.0,27,13.5
14645.0,31,15.5
14650.0,36,18.0
14655.0,33,16.5
14660.0,23,11.5
14665.0,17,8.5
14670.0,14,7.0
14675.0,10,5.0
14680.0,7,3.5
14685.0,6,3.0
14690.0,3,1.5
14695.0,2,1.0
14700.0,1,0.5
14705.0,6,3.0
14710.0,6,3.0
14715.0,4,2.0
14720.0,2,1.0
14725.0,7,3.5
14730.0,8,4.0
14735.0,6,3.0
14740.0,5,2.5
14745.0,9,4.5
14750.0,9,4.5
14755.0,9,4.5
14760.0,6,3.0
14765.0,9,4.5
14770.0,8,4.0
14775.0,8,4.0
14780.0,5,2.5
14785.0,9,4.5
14790.0,10,5.0
14795.0,7,3.5
14800.0,6,3.0
14805.0,2,1.0
14810.0,7,3.5
14815.0,8,4.0
14820.0,6,3.0
14825.0,2,1.0
14830.0,7,3.5
14835.0,6,3.0
14840.0,4,2.0
14845.0,4,2.0
14850.0,8,4.0
14855.0,10,5.0
14860.0,10,5.0
14865.0,7,3.5
14870.0,8,4.0
14875.0,9,4.5
14880.0,8,4.0
14885.0,2,1.0
14890.0,7,3.5
14895.0,7,3.5
14900.0,6,3.0
14905.0,4,2.0
14910.0,9,4.5
14915.0,9,4.5
14920.0,6,3.0
14925.0,5,2.5
14930.0,7,3.5
14935.0,10,5.0
14940.0,9,4.5
14945.0,6,3.0
14950.0,9,4.5
14955.0,15,7.5
14960.0,15,7.5
14965.0,13,6.5
14970.0,10,5.0
14975.0,11,5.5
14980.0,8,4.0
14985.0,7,3.5
14990.0,4,2.0
14995.0,8,4.0
15000.0,8,4.0
15005.0,4,2.0
15010.0,2,1.0
15015.0,2,1.0
15020.0,7,3.5
15025.0,7,3.5
15030.0,5,2.5
15035.0,1,0.5
15040.0,2,1.0
15045.0,1,0.5
15050.0,7,3.5
15055.0,7,3.5
15060.0,4,2.0
15065.0,3,1.5
15070.0,10,5.0
15075.0,11,5.5
15080.0,10,5.0
15085.0,6,3.0
15090.0,9,4.5
15095.0,15,7.5
15100.0,21,10.5
15105.0,21,10.5
15110.0,15,7.5
15115.0,11,5.5
15120.0,7,3.5
15125.0,6,3.0
15130.0,6,3.0
15135.0,4,2.0
15140.0,4,2.0
15145.0,2,1.0
15150.0,8,4.0
15155.0,8,4.0
15160.0,7,3.5
15165.0,4,2.0
15170.0,5,2.5
15175.0,1,0.5
15180.0,6,3.0
15185.0,7,3.5
15190.0,4,2.0
15195.0,2,1.0
15200.0,6,3.0
15205.0,7,3.5
15210.0,3,1.5
15215.0,4,2.0
15220.0,9,4.5
15225.0,8,4.0
15230.0,7,3.5
15235.0,6,3.0
15240.0,8,4.0
15245.0,8,4.0
15250.0,3,1.5
15255.0,0,0.0
15260.0,0,0.0
15265.0,1,0.5
15270.0,6,3.0
15275.0,9,4.5
15280.0,7,3.5
15285.0,3,1.5
15290.0,9,4.5
15295.0,10,5.0
15300.0,7,3.5
15305.0,5,2.5
15310.0,7,3.5
15315.0,7,3.5
15320.0,8,4.0
15325.0,6,3.0
15330.0,10,5.0
15335.0,10,5.0
15340.0,6,3.0
15345.0,6,3.0
15350.0,4,2.0
15355.0,7,3.5
15360.0,8,4.0
15365.0,5,2.5
15370.0,3,1.5
15375.0,2,1.0
15380.0,7,3.5
15385.0,8,4.0
15390.0,7,3.5
15395.0,7,3.5
15400.0,9,4.5
15405.0,9,4.5
15410.0,8,4.0
15415.0,5,2.5
15420.0,9,4.5
15425.0,7,3.5
15430.0,6,3.0
15435.0,5,2.5
15440.0,2,1.0
15445.0,7,3.5
15450.0,8,4.0
15455.0,6,3.0
15460.0,5,2.5
15465.0,2,1.0
15470.0,8,4.0
15475.0,8,4.0
15480.0,5,2.5
15485.0,2,1.0
15490.0,4,2.0
15495.0,1,0.5
15500.0,7,3.5
15505.0,14,7.0
15510.0,13,6.5
15515.0,10,5.0
15520.0,8,4.0
15525.0,11,5.5
15530.0,6,3.0
15535.0,3,1.5
15540.0,2,1.0
15545.0,7,3.5
15550.0,6,3.0
15555.0,3,1.5
15560.0,3,1.5
15565.0,2,1.0
15570.0,7,3.5
15575.0,9,4.5
15580.0,6,3.0
15585.0,3,1.5
15590.0,8,4.0
15595.0,10,5.0
15600.0,7,3.5
15605.0,4,2.0
15610.0,10,5.0
15615.0,11,5.5
15620.0,8,4.0
15625.0,8,4.0
15630.0,11,5.5
15635.0,9,4.5
15640.0,7,3.5
15645.0,5,2.5
15650.0,9,4.5
15655.0,8,4.0
15660.0,6,3.0
15665.0,7,3.5
15670.0,3,1.5
15675.0,7,3.5
15680.0,8,4.0
15685.0,4,2.0
15690.0,3,1.5
15695.0,2,1.0
15700.0,2,1.0
15705.0,1,0.5
15710.0,6,3.0
15715.0,13,6.5
15720.0,17,8.5
15725.0,18,9.0
15730.0,22,11.0
15735.0,24,12.0
15740.0,28,14.0
15745.0,27,13.5
15750.0,21,10.5
15755.0,14,7.0
15760.0,12,6.0
15765.0,9,4.5
15770.0,6,3.0
15775.0,7,3.5
15780.0,3,1.5
15785.0,8,4.0
15790.0,10,5.0
15795.0,5,2.5
15800.0,6,3.0
15805.0,3,1.5
15810.0,9,4.5
15815.0,9,4.5
15820.0,5,2.5
15825.0,5,2.5
15830.0,1,0.5
15835.0,3,1.5
15840.0,1,0.5
15845.0,7,3.5
15850.0,12,6.0
15855.0,18,9.0
15860.0,22,11.0
15865.0,24,12.0
15870.0,22,11.0
15875.0,18,9.0
15880.0,12,6.0
15885.0,10,5.0
15890.0,10,5.0
15895.0,6,3.0
15900.0,6,3.0
15905.0,2,1.0
15910.0,8,4.0
15915.0,9,4.5
15920.0,6,3.0
15925.0,7,3.5
15930.0,2,1.0
15935.0,7,3.5
15940.0,7,3.5
15945.0,6,3.0
15950.0,2,1.0
15955.0,7,3.5
15960.0,7,3.5
15965.0,2,1.0
15970.0,1,0.5
15975.0,2,1.0
15980.0,9,4.5
15985.0,9,4.5
15990.0,5,2.5
15995.0,5,2.5
16000.0,3,1.5
16005.0,8,4.0
16010.0,9,4.5
16015.0,6,3.0
16020.0,5,2.5
16025.0,8,4.0
16030.0,9,4.5
16035.0,7,3.5
16040.0,8,4.0
16045.0,2,1.0
16050.0,8,4.0
16055.0,8,4.0
16060.0,4,2.0
16065.0,3,1.5
16070.0,6,3.0
16075.0,6,3.0
16080.0,3,1.5
16085.0,4,2.0
16090.0,7,3.5
16095.0,7,3.5
16100.0,5,2.5
16105.0,3,1.5
16110.0,7,3.5
16115.0,9,4.5
16120.0,7,3.5
16125.0,5,2.5
16130.0,2,1.0
16135.0,7,3.5
16140.0,8,4.0
16145.0,5,2.5
16150.0,3,1.5
16155.0,2,1.0
16160.0,2,1.0
16165.0,1,0.5
16170.0,8,4.0
16175.0,14,7.0
16180.0,19,9.5
16185.0,20,10.0
16190.0,25,12.5
16195.0,23,11.5
16200.0,16,8.0
16205.0,14,7.0
16210.0,11,5.5
16215.0,7,3.5
16220.0,7,3.5
16225.0,6,3.0
16230.0,9,4.5
16235.0,7,3.5
16240.0,4,2.0
16245.0,2,1.0
16250.0,3,1.5
16255.0,1,0.5
16260.0,6,3.0
16265.0,7,3.5
16270.0,5,2.5
16275.0,4,2.0
16280.0,9,4.5
16285.0,9,4.5
16290.0,5,2.5
16295.0,3,1.5
16300.0,3,1.5
16305.0,1,0.5
16310.0,7,3.5
16315.0,7,3.5
16320.0,4,2.0
16325.0,5,2.5
16330.0,9,4.5
16335.0,9,4.5
16340.0,5,2.5
16345.0,6,3.0
16350.0,3,1.5
16355.0,7,3.5
16360.0,8,4.0
16365.0,7,3.5
16370.0,5,2.5
16375.0,2,1.0
16380.0,8,4.0
16385.0,6,3.0
16390.0,5,2.5
16395.0,2,1.0
16400.0,3,1.5
16405.0,1,0.5
16410.0,7,3.5
16415.0,12,6.0
16420.0,13,6.5
16425.0,3,1.5
16430.0,3,1.5
16435.0,8,4.0
16440.0,8,4.0
16445.0,6,3.0
16450.0,5,2.5
16455.0,9,4.5
16460.0,10,5.0
16465.0,8,4.0
16470.0,4,2.0
16475.0,7,3.5
16480.0,7,3.5
16485.0,7,3.5
16490.0,3,1.5
16495.0,8,4.0
16500.0,7,3.5
16505.0,5,2.5
16510.0,6,3.0
16515.0,8,4.0
16520.0,9,4.5
16525.0,10,5.0
16530.0,1,0.5
16535.0,8,4.0
16540.0,9,4.5
16545.0,7,3.5
16550.0,3,1.5
16555.0,10,5.0
16560.0,10,5.0
16565.0,5,2.5
16570.0,3,1.5
16575.0,3,1.5
16580.0,7,3.5
16585.0,6,3.0
16590.0,4,2.0
16595.0,4,2.0
16600.0,9,4.5
16605.0,8,4.0
16610.0,5,2.5
16615.0,5,2.5
16620.0,2,1.0
16625.0,7,3.5
16630.0,7,3.5
16635.0,3,1.5
16640.0,3,1.5
16645.0,5,2.5
16650.0,1,0.5
16655.0,7,3.5
16660.0,14,7.0
16665.0,19,9.5
16670.0,25,12.5
16675.0,27,13.5
16680.0,28,14.0
16685.0,28,14.0
16690.0,30,15.0
16695.0,33,16.5
16700.0,35,17.5
16705.0,38,19.0
16710.0,38,19.0
16715.0,38,19.0
16720.0,32,16.0
16725.0,24,12.0
16730.0,16,8.0
16735.0,12,6.0
16740.0,8,4.0
16745.0,6,3.0
16750.0,5,2.5
16755.0,9,4.5
16760.0,15,7.5
16765.0,20,10.0
16770.0,27,13.5
16775.0,33,16.5
16780.0,30,15.0
16785.0,23,11.5
16790.0,16,8.0
16795.0,13,6.5
16800.0,8,4.0
16805.0,10,5.0
16810.0,5,2.5
16815.0,7,3.5
16820.0,8,4.0
16825.0,7,3.5
16830.0,2,1.0
16835.0,8,4.0
16840.0,15,7.5
16845.0,16,8.0
16850.0,14,7.0
16855.0,13,6.5
16860.0,6,3.0
16865.0,7,3.5
16870.0,9,4.5
16875.0,4,2.0
16880.0,3,1.5
16885.0,11,5.5
16890.0,10,5.0
16895.0,8,4.0
16900.0,7,3.5
16905.0,9,4.5
16910.0,8,4.0
16915.0,5,2.5
16920.0,3,1.5
16925.0,6,3.0
16930.0,8,4.0
16935.0,5,2.5
16940.0,3,1.5
16945.0,2,1.0
16950.0,8,4.0
16955.0,7,3.5
16960.0,3,1.5
16965.0,3,1.5
16970.0,2,1.0
16975.0,2,1.0
16980.0,6,3.0
16985.0,7,3.5
16990.0,6,3.0
16995.0,3,1.5
17000.0,9,4.5
17005.0,9,4.5
17010.0,6,3.0
17015.0,4,2.0
17020.0,4,2.0
17025.0,8,4.0
17030.0,8,4.0
17035.0,8,4.0
17040.0,9,4.5
17045.0,11,5.5
17050.0,13,6.5
17055.0,8,4.0
17060.0,7,3.5
17065.0,9,4.5
17070.0,7,3.5
17075.0,6,3.0
17080.0,4,2.0
17085.0,1,0.5
17090.0,0,0.0
17095.0,6,3.0
17100.0,5,2.5
17105.0,4,2.0
17110.0,4,2.0
17115.0,1,0.5
17120.0,8,4.0
17125.0,8,4.0
17130.0,8,4.0
17135.0,2,1.0
17140.0,8,4.0
17145.0,9,4.5
17150.0,6,3.0
17155.0,5,2.5
17160.0,8,4.0
17165.0,9,4.5
17170.0,4,2.0
17175.0,5,2.5
17180.0,8,4.0
17185.0,7,3.5
17190.0,5,2.5
17195.0,4,2.0
17200.0,1,0.5
17205.0,2,1.0
17210.0,2,1.0
17215.0,7,3.5
17220.0,8,4.0
17225.0,4,2.0
17230.0,0,0.0
17235.0,6,3.0
17240.0,6,3.0
17245.0,2,1.0
17250.0,1,0.5
17255.0,7,3.5
17260.0,12,6.0
17265.0,13,6.5
17270.0,8,4.0
17275.0,3,1.5
17280.0,10,5.0
17285.0,10,5.0
17290.0,10,5.0
17295.0,3,1.5
17300.0,7,3.5
17305.0,7,3.5
17310.0,5,2.5
17315.0,5,2.5
17320.0,8,4.0
17325.0,9,4.5
17330.0,6,3.0
17335.0,6,3.0
17340.0,3,1.5
17345.0,6,3.0
17350.0,8,4.0
17355.0,5,2.5
17360.0,2,1.0
17365.0,9,4.5
17370.0,9,4.5
17375.0,7,3.5
17380.0,3,1.5
17385.0,8,4.0
17390.0,8,4.0
17395.0,5,2.5
17400.0,4,2.0
17405.0,1,0.5
17410.0,5,2.5
17415.0,7,3.5
17420.0,6,3.0
17425.0,3,1.5
17430.0,8,4.0
17435.0,8,4.0
17440.0,5,2.5
17445.0,4,2.0
17450.0,10,5.0
17455.0,11,5.5
17460.0,9,4.5
17465.0,7,3.5
17470.0,11,5.5
17475.0,7,3.5
17480.0,5,2.5
17485.0,3,1.5
17490.0,4,2.0
17495.0,1,0.5
17500.0,6,3.0
17505.0,7,3.5
17510.0,4,2.0
17515.0,2,1.0
17520.0,8,4.0
17525.0,12,6.0
17530.0,14,7.0
17535.0,9,4.5
17540.0,6,3.0
17545.0,1,0.5
17550.0,7,3.5
17555.0,8,4.0
17560.0,4,2.0
17565.0,5,2.5
17570.0,9,4.5
17575.0,16,8.0
17580.0,22,11.0
17585.0,22,11.0
17590.0,20,10.0
17595.0,16,8.0
17600.0,11,5.5
17605.0,7,3.5
17610.0,5,2.5
17615.0,5,2.5
17620.0,8,4.0
17625.0,10,5.0
17630.0,9,4.5
17635.0,7,3.5
17640.0,11,5.5
17645.0,7,3.5
17650.0,6,3.0
17655.0,5,2.5
17660.0,10,5.0
17665.0,10,5.0
17670.0,6,3.0
17675.0,4,2.0
17680.0,1,0.5
17685.0,8,4.0
17690.0,9,4.5
17695.0,6,3.0
17700.0,5,2.5
17705.0,2,1.0
17710.0,8,4.0
17715.0,8,4.0
17720.0,4,2.0
17725.0,4,2.0
17730.0,8,4.0
17735.0,8,4.0
17740.0,7,3.5
17745.0,4,2.0
17750.0,8,4.0
17755.0,8,4.0
17760.0,5,2.5
17765.0,3,1.5
17770.0,1,0.5
17775.0,1,0.5
17780.0,2,1.0
17785.0,6,3.0
17790.0,6,3.0
17795.0,3,1.5
17800.0,2,1.0
17805.0,9,4.5
17810.0,8,4.0
17815.0,4,2.0
17820.0,5,2.5
17825.0,3,1.5
17830.0,8,4.0
17835.0,7,3.5
17840.0,5,2.5
17845.0,2,1.0
17850.0,6,3.0
17855.0,6,3.0
17860.0,3,1.5
17865.0,3,1.5
17870.0,0,0.0
17875.0,6,3.0
17880.0,5,2.5
17885.0,4,2.0
17890.0,2,1.0
17895.0,6,3.0
17900.0,7,3.5
17905.0,5,2.5
17910.0,1,0.5
17915.0,7,3.5
17920.0,7,3.5
17925.0,5,2.5
17930.0,3,1.5
17935.0,8,4.0
17940.0,8,4.0
17945.0,6,3.0
17950.0,4,2.0
17955.0,9,4.5
17960.0,9,4.5
17965.0,5,2.5
17970.0,4,2.0
17975.0,3,1.5
17980.0,7,3.5
17985.0,7,3.5
17990.0,5,2.5
17995.0,4,2.0
18000.0,1,0.5
18005.0,6,3.0
18010.0,7,3.5
18015.0,3,1.5
18020.0,1,0.5
18025.0,3,1.5
18030.0,9,4.5
18035.0,9,4.5
18040.0,7,3.5
18045.0,2,1.0
18050.0,2,1.0
18055.0,8,4.0
18060.0,8,4.0
18065.0,6,3.0
18070.0,4,2.0
18075.0,1,0.5
18080.0,7,3.5
18085.0,9,4.5
18090.0,4,2.0
18095.0,5,2.5
18100.0,10,5.0
18105.0,10,5.0
18110.0,10,5.0
18115.0,6,3.0
18120.0,12,6.0
18125.0,9,4.5
18130.0,8,4.0
18135.0,3,1.5
18140.0,4,2.0
18145.0,1,0.5
18150.0,8,4.0
18155.0,14,7.0
18160.0,14,7.0
18165.0,10,5.0
18170.0,4,2.0
18175.0,7,3.5
18180.0,6,3.0
18185.0,5,2.5
18190.0,3,1.5
18195.0,3,1.5
18200.0,3,1.5
18205.0,8,4.0
18210.0,7,3.5
18215.0,4,2.0
18220.0,4,2.0
18225.0,9,4.5
18230.0,7,3.5
18235.0,6,3.0
18240.0,3,1.5
18245.0,7,3.5
18250.0,9,4.5
18255.0,7,3.5
18260.0,10,5.0
18265.0,12,6.0
18270.0,10,5.0
18275.0,9,4.5
18280.0,5,2.5
18285.0,5,2.5
18290.0,8,4.0
18295.0,7,3.5
18300.0,4,2.0
18305.0,5,2.5
18310.0,8,4.0
18315.0,7,3.5
18320.0,6,3.0
18325.0,3,1.5
18330.0,2,1.0
18335.0,2,1.0
18340.0,8,4.0
18345.0,7,3.5
18350.0,5,2.5
18355.0,2,1.0
18360.0,7,3.5
18365.0,7,3.5
18370.0,6,3.0
18375.0,0,0.0
18380.0,7,3.5
18385.0,7,3.5
18390.0,5,2.5
18395.0,1,0.5
18400.0,1,0.5
18405.0,3,1.5
18410.0,2,1.0
18415.0,7,3.5
18420.0,8,4.0
18425.0,6,3.0
18430.0,4,2.0
18435.0,10,5.0
18440.0,9,4.5
18445.0,6,3.0
18450.0,4,2.0
18455.0,7,3.5
18460.0,13,6.5
18465.0,18,9.0
18470.0,20,10.0
18475.0,16,8.0
18480.0,12,6.0
18485.0,13,6.5
18490.0,11,5.5
18495.0,7,3.5
18500.0,5,2.5
18505.0,2,1.0
18510.0,7,3.5
18515.0,9,4.5
18520.0,6,3.0
18525.0,4,2.0
18530.0,2,1.0
18535.0,7,3.5
18540.0,6,3.0
18545.0,2,1.0
18550.0,5,2.5
18555.0,9,4.5
18560.0,10,5.0
18565.0,7,3.5
18570.0,6,3.0
18575.0,2,1.0
18580.0,7,3.5
18585.0,6,3.0
18590.0,5,2.5
18595.0,6,3.0
18600.0,8,4.0
18605.0,11,5.5
18610.0,9,4.5
18615.0,5,2.5
18620.0,9,4.5
18625.0,8,4.0
18630.0,6,3.0
18635.0,5,2.5
18640.0,9,4.5
18645.0,8,4.0
18650.0,6,3.0
18655.0,4,2.0
18660.0,3,1.5
18665.0,1,0.5
18670.0,6,3.0
18675.0,6,3.0
18680.0,4,2.0
18685.0,2,1.0
18690.0,9,4.5
18695.0,8,4.0
18700.0,7,3.5
18705.0,3,1.5
18710.0,3,1.5
18715.0,7,3.5
18720.0,7,3.5
18725.0,6,3.0
18730.0,1,0.5
18735.0,7,3.5
18740.0,13,6.5
18745.0,12,6.0
18750.0,9,4.5
18755.0,5,2.5
18760.0,8,4.0
18765.0,8,4.0
18770.0,7,3.5
18775.0,5,2.5
18780.0,10,5.0
18785.0,9,4.5
18790.0,7,3.5
18795.0,4,2.0
18800.0,9,4.5
18805.0,6,3.0
18810.0,4,2.0
18815.0,2,1.0
18820.0,3,1.5
18825.0,0,0.0
18830.0,7,3.5
18835.0,7,3.5
18840.0,6,3.0
18845.0,6,3.0
18850.0,9,4.5
18855.0,10,5.0
18860.0,9,4.5
18865.0,6,3.0
18870.0,8,4.0
18875.0,11,5.5
18880.0,9,4.5
18885.0,5,2.5
18890.0,8,4.0
18895.0,7,3.5
18900.0,7,3.5
18905.0,3,1.5
18910.0,9,4.5
18915.0,8,4.0
18920.0,6,3.0
18925.0,5,2.5
18930.0,5,2.5
18935.0,2,1.0
18940.0,9,4.5
18945.0,14,7.0
18950.0,14,7.0
18955.0,11,5.5
18960.0,10,5.0
18965.0,11,5.5
18970.0,10,5.0
18975.0,7,3.5
18980.0,7,3.5
18985.0,9,4.5
18990.0,6,3.0
18995.0,4,2.0
19000.0,5,2.5
19005.0,1,0.5
19010.0,7,3.5
19015.0,7,3.5
19020.0,6,3.0
19025.0,3,1.5
19030.0,7,3.5
19035.0,8,4.0
19040.0,5,2.5
19045.0,4,2.0
19050.0,7,3.5
19055.0,5,2.5
19060.0,4,2.0
19065.0,1,0.5
19070.0,2,1.0
19075.0,7,3.5
19080.0,8,4.0
19085.0,3,1.5
19090.0,1,0.5
19095.0,1,0.5
19100.0,3,1.5
19105.0,8,4.0
19110.0,8,4.0
19115.0,6,3.0
19120.0,3,1.5
19125.0,9,4.5
19130.0,9,4.5
19135.0,8,4.0
19140.0,6,3.0
19145.0,8,4.0
19150.0,12,6.0
19155.0,9,4.5
19160.0,6,3.0
19165.0,8,4.0
19170.0,8,4.0
19175.0,7,3.5
19180.0,9,4.5
19185.0,3,1.5
19190.0,7,3.5
19195.0,9,4.5
19200.0,4,2.0
19205.0,4,2.0
19210.0,9,4.5
19215.0,7,3.5
19220.0,7,3.5
19225.0,2,1.0
19230.0,7,3.5
19235.0,10,5.0
19240.0,7,3.5
19245.0,5,2.5
19250.0,9,4.5
19255.0,8,4.0
19260.0,6,3.0
19265.0,5,2.5
19270.0,2,1.0
19275.0,8,4.0
19280.0,6,3.0
19285.0,6,3.0
19290.0,1,0.5
19295.0,1,0.5
19300.0,2,1.0
19305.0,3,1.5
19310.0,9,4.5
19315.0,13,6.5
19320.0,18,9.0
19325.0,23,11.5
19330.0,27,13.5
19335.0,23,11.5
19340.0,16,8.0
19345.0,15,7.5
19350.0,13,6.5
19355.0,9,4.5
19360.0,8,4.0
19365.0,6,3.0
19370.0,9,4.5
19375.0,7,3.5
19380.0,5,2.5
19385.0,4,2.0
19390.0,7,3.5
19395.0,8,4.0
19400.0,5,2.5
19405.0,6,3.0
19410.0,13,6.5
19415.0,11,5.5
19420.0,7,3.5
19425.0,6,3.0
19430.0,6,3.0
19435.0,8,4.0
19440.0,8,4.0
19445.0,5,2.5
19450.0,4,2.0
19455.0,2,1.0
19460.0,8,4.0
19465.0,8,4.0
19470.0,4,2.0
19475.0,4,2.0
19480.0,2,1.0
19485.0,8,4.0
19490.0,14,7.0
19495.0,14,7.0
19500.0,11,5.5
19505.0,7,3.5
19510.0,7,3.5
19515.0,7,3.5
19520.0,3,1.5
19525.0,5,2.5
19530.0,2,1.0
19535.0,7,3.5
19540.0,9,4.5
19545.0,6,3.0
19550.0,5,2.5
19555.0,3,1.5
19560.0,7,3.5
19565.0,9,4.5
19570.0,7,3.5
19575.0,6,3.0
19580.0,2,1.0
19585.0,8,4.0
19590.0,8,4.0
19595.0,9,4.5
19600.0,8,4.0
19605.0,4,2.0
19610.0,8,4.0
19615.0,14,7.0
19620.0,14,7.0
19625.0,12,6.0
19630.0,13,6.5
19635.0,7,3.5
19640.0,8,4.0
19645.0,8,4.0
19650.0,6,3.0
19655.0,3,1.5
19660.0,7,3.5
19665.0,9,4.5
19670.0,7,3.5
19675.0,5,2.5
19680.0,8,4.0
19685.0,9,4.5
19690.0,6,3.0
19695.0,5,2.5
19700.0,3,1.5
19705.0,8,4.0
19710.0,8,4.0
19715.0,8,4.0
19720.0,4,2.0
19725.0,5,2.5
19730.0,0,0.0
19735.0,6,3.0
19740.0,7,3.5
19745.0,3,1.5
19750.0,3,1.5
19755.0,0,0.0
19760.0,6,3.0
19765.0,12,6.0
19770.0,13,6.5
19775.0,7,3.5
19780.0,4,2.0
19785.0,8,4.0
19790.0,8,4.0
19795.0,6,3.0
19800.0,3,1.5
19805.0,1,0.5
19810.0,6,3.0
19815.0,8,4.0
19820.0,6,3.0
19825.0,6,3.0
19830.0,4,2.0
19835.0,8,4.0
19840.0,7,3.5
19845.0,5,2.5
19850.0,6,3.0
19855.0,3,1.5
19860.0,3,1.5
19865.0,1,0.5
19870.0,7,3.5
19875.0,14,7.0
19880.0,13,6.5
19885.0,11,5.5
19890.0,6,3.0
19895.0,8,4.0
19900.0,7,3.5
19905.0,3,1.5
19910.0,2,1.0
19915.0,3,1.5
19920.0,2,1.0
19925.0,7,3.5
19930.0,7,3.5
19935.0,4,2.0
19940.0,1,0.5
19945.0,7,3.5
19950.0,7,3.5
19955.0,4,2.0
19960.0,2,1.0
19965.0,8,4.0
19970.0,8,4.0
19975.0,6,3.0
19980.0,6,3.0
19985.0,1,0.5
19990.0,7,3.5
19995.0,7,3.5
20000.0,4,2.0
20005.0,1,0.5
